sent_at,company,email,status,error,letter
2026-08-10T08:18:43+00:00,Test,muddasirrizwan9@gmail.com,sent,,
2026-08-10T10:01:58+00:00,Test,muddasirrizwan9@gmail.com,sent,,
2026-08-10T10:06:56+00:00,10Pearls,careers@10pearls.com,sent,,
2026-08-10T10:07:44+00:00,Abhi,careers@abhi.com.pk,sent,,
2026-08-10T10:08:32+00:00,Afiniti,careers@afiniti.com,sent,,
2026-08-10T10:09:20+00:00,Avanza Solutions,careers@avanzasolutions.com,sent,,
2026-08-10T10:10:08+00:00,Bazaar Technologies,careers@bazaartech.com,sent,,
2026-08-10T10:10:57+00:00,Bykea,careers@bykea.com,sent,,
2026-08-10T10:11:26+00:00,Careem,careers@careem.com,sent,,
2026-08-10T10:11:44+00:00,Careem,careers@careem.com,sent,,
2026-08-10T10:12:32+00:00,Contour Software,careers@contour-software.com,sent,,
2026-08-10T10:13:02+00:00,Cubix,hr@cubixlabs.com,sent,,
2026-08-10T10:13:05+00:00,Contour Software,careers@contour-software.com,sent,,
2026-08-10T10:13:48+00:00,CureMD,nathan.bradshaw@curemd.com,sent,,
2026-08-10T10:15:52+00:00,Haball,info@haball.pk,sent,,
2026-08-10T10:17:42+00:00,Keenu,help@keenu.pk,sent,,
2026-08-10T10:19:08+00:00,Motive,careers@gomotive.com,sent,,
2026-08-10T10:20:58+00:00,NayaPay,careers@nayapay.com,sent,,
2026-08-10T10:22:57+00:00,NorthBay Solutions,info@northbaysolutions.com,sent,,
2026-08-10T10:30:13+00:00,Ovex Technologies,info@ovextech.com,sent,,
2026-08-10T10:31:47+00:00,Retailo,ideas@retailo.co,sent,,
2026-08-10T10:33:34+00:00,SadaPay,careers@sadapay.pk,sent,,
2026-08-10T10:35:21+00:00,Salsoft Technologies,hr@salsoft.net,sent,,
2026-08-10T10:37:12+00:00,Softech Worldwide,jhernandez@softechworldwide.com,sent,,
2026-08-10T10:39:00+00:00,Strategic Systems International,hr@ssidecisions.com,sent,,
2026-08-10T11:01:50+00:00,Systems Limited,investor_relations@systemsltd.com,sent,,
2026-08-10T11:03:17+00:00,Turing,careers@turing.com,sent,,
2026-08-10T11:04:52+00:00,VentureDive,careers@venturedive.com,sent,,
2026-08-10T11:06:34+00:00,Arbisoft,contact@arbisoft.com,sent,,
2026-08-10T11:08:28+00:00,Devsinc,global.business@devsinc.com,sent,,
2026-08-10T11:10:10+00:00,Dubizzle Labs,info@dubizzlelabs.com,sent,,
2026-08-10T11:11:59+00:00,PureLogics,info@purelogics.com,sent,,
2026-08-10T11:13:46+00:00,Thoughtworks,careers@thoughtworks.com,sent,,
2026-08-10T11:15:08+00:00,Doha Bank,careers@dohabank.com.qa,sent,,
2026-08-10T11:16:42+00:00,Malomatia,info@malomatia.com,sent,,
2026-08-10T11:18:09+00:00,Mannai,recruitment@mannai.com.qa,sent,,
2026-08-10T11:19:43+00:00,Masraf Al Rayan,ari.info@alrayan.com,sent,,
2026-08-10T11:21:20+00:00,Meeza,info@meeza.net,sent,,
2026-08-10T11:23:05+00:00,Sidra Medicine Digital,international.services@sidra.org,sent,,
2026-08-10T11:30:01+00:00,Almoayyed Computers,jobs@almoayyed.com,sent,,
2026-08-10T11:31:37+00:00,Fakhro Electronics,info@fakhro.com,sent,,
2026-08-10T11:33:12+00:00,Investcorp,careers@investcorp.com,sent,,
2026-08-10T11:35:01+00:00,Tenmou,info@tenmou.me,sent,,
2026-08-10T11:36:58+00:00,NBK Digital,yourcareer@nbk.com.eg,sent,,
2026-08-10T11:38:56+00:00,Bank Muscat Digital,care@bankmuscat.com,sent,,
2026-08-10T11:40:47+00:00,Oman Arab Bank Digital,career@oman-arabbank.com,sent,,
2026-08-10T11:42:54+00:00,Omantel,self.service@omantel.om,sent,,
2026-08-10T11:44:45+00:00,Ooredoo Oman,b2boutbound@ooredoo.om,sent,,
2026-08-10T11:46:19+00:00,AIQ,partnerships@aiq.com,sent,,
2026-08-10T11:47:45+00:00,Barakat,info@barakatfresh.ae,sent,,
2026-08-10T11:49:43+00:00,Beehive,info@beehive.ae,sent,,
2026-08-10T11:51:08+00:00,Checkout.com,careers@checkout.com,sent,,
2026-08-10T11:52:40+00:00,G42,contact@g42.ai,sent,,
2026-08-10T11:54:00+00:00,MBC Group / Shahid,careers@mbc.net,sent,,
2026-08-10T11:55:36+00:00,Now Money,recruitment@nowmoney.me,sent,,
2026-08-10T11:57:30+00:00,Telr,partner@telr.com,sent,,
2026-08-10T11:59:16+00:00,Trukker,career@trukker.com,sent,,
2026-08-10T12:00:55+00:00,Almosafer,careers@almosafer.com,sent,,
2026-08-10T12:02:34+00:00,Lucidya,adedic@lucidya.com,sent,,
2026-08-10T12:06:46+00:00,QnE,info@qne.com.sa,sent,,
2026-08-10T12:08:16+00:00,Seera,investors@seera.sa,sent,,
2026-08-10T12:09:42+00:00,Tamkeen Technologies,info@tamkeentech.sa,sent,,
2026-08-10T12:11:23+00:00,Breadfast,inquiries@breadfast.com,sent,,
2026-08-10T12:12:50+00:00,Elmenus,guest@elmenus.com,sent,,
2026-08-10T12:14:16+00:00,Flat6Labs,hr@flat6labs.com,sent,,
2026-08-10T12:15:52+00:00,Halan / MNT-Halan,info@halan.com,sent,,
2026-08-10T12:17:35+00:00,Incorta,info@incorta.com,sent,,
2026-08-10T12:19:06+00:00,Raya,info@rayacorp.com,sent,,
2026-08-10T12:20:33+00:00,ArabiaWeather,careers@arabiaweather.com,sent,,
2026-08-10T13:03:11+00:00,Tarabut,info@tarabut.com,sent,,
2026-08-10T15:24:37+00:00,Botim,careers@botim.me,sent,,
2026-08-10T15:26:23+00:00,Cartlow,hello@cartlow.com,sent,,
2026-08-10T15:28:03+00:00,Magnitt,info@magnitt.com,sent,,
2026-08-10T15:29:48+00:00,Nana,careers@nana.sa,sent,,
2026-08-10T15:31:35+00:00,Cequens,hello@cequens.com,sent,,
2026-08-10T15:33:23+00:00,Valify,info@valify.me,sent,,
2026-08-10T15:34:52+00:00,Estarta,info@estarta.com,sent,,
2026-08-10T15:36:49+00:00,ProgressSoft,careers@progressoft.com,sent,,
2026-08-10T15:38:29+00:00,AppsFlyer,careers@appsflyer.com,sent,,
2026-08-10T15:40:01+00:00,Bayzat,recruitment@bayzat.com,sent,,
2026-08-10T15:41:54+00:00,Delivery Hero,careers@deliveryhero.com,sent,,
2026-08-10T15:43:49+00:00,Foodics,info@foodics.com,sent,,
2026-08-10T15:45:28+00:00,Fresha,careers@fresha.com,sent,,
2026-08-10T15:47:04+00:00,Huspy,careers@huspy.com,sent,,
2026-08-10T15:48:44+00:00,Kitopi,careers@kitopi.com,sent,,
2026-08-10T15:50:41+00:00,MaxAB,careers@maxab.io,sent,,
2026-08-10T15:52:23+00:00,Tipalti,contact@tipalti.com,sent,,
2026-08-10T15:53:55+00:00,Adevinta,careers@adevinta.com,sent,,
2026-08-10T15:55:43+00:00,Aiven,careers@aiven.io,sent,,
2026-08-10T15:57:37+00:00,Ajax Systems,careers@ajax.systems,sent,,
2026-08-10T16:36:07+00:00,AUTO1,info@auto1-group.com,sent,,
2026-08-10T16:37:51+00:00,Bunny.net,hello@bunny.net,sent,,
2026-08-10T16:39:45+00:00,Celonis,info@celonis.com,sent,,
2026-08-10T16:41:31+00:00,Contentsquare,people.ops@contentsquare.com,sent,,
2026-08-10T16:42:50+00:00,CrowdStrike,recruiting@crowdstrike.com,sent,,
2026-08-10T16:44:27+00:00,Doist,careers@doist.com,sent,,
2026-08-10T16:46:30+00:00,Fenergo,careers@fenergo.com,sent,,
2026-08-10T16:48:06+00:00,Gitpod,contact@gitpod.io,sent,,
2026-08-10T16:49:36+00:00,Grafana Labs,info@grafana.com,sent,,
2026-08-10T16:51:31+00:00,Hetzner,info@hetzner.com,sent,,
2026-08-10T16:53:25+00:00,Jobandtalent,careers@jobandtalent.com,sent,,
2026-08-10T16:54:56+00:00,Langfuse,contact@langfuse.com,sent,,
2026-08-10T16:56:48+00:00,Mollie,careers@mollie.com,sent,,
2026-08-10T16:58:21+00:00,Monzo,careers@monzo.com,sent,,
2026-08-11T04:31:37+00:00,Nord Security,career@nordsec.com,sent,,
2026-08-11T04:33:38+00:00,Personio,careers@personio.com,sent,,
2026-08-11T04:35:31+00:00,Phaidra,hiring@phaidra.ai,sent,,
2026-08-11T04:37:29+00:00,Proton,careers@proton.me,sent,,
2026-08-11T04:39:29+00:00,Shift Technology,jobs@shift-technology.com,sent,,
2026-08-11T04:41:47+00:00,Cresta,recruiting@cresta.ai,sent,,
2026-08-11T04:44:17+00:00,Deepgram,careers@deepgram.com,sent,,
2026-08-11T04:46:25+00:00,Pair Team,recruiting@pairteam.com,sent,,
2026-08-11T05:12:11+00:00,Plausible,hello@plausible.io,sent,,
2026-08-11T05:14:14+00:00,Resend,careers@resend.com,sent,,
2026-08-11T05:42:30+00:00,KoderLabs,contact@koderlabs.com,sent,,
2026-08-11T06:13:13+00:00,Creative Chaos,careers@creativechaos.co,sent,,
2026-08-11T06:15:11+00:00,Dubizzle Pakistan / OLX,careers@olx.com.pk,sent,,
2026-08-11T06:17:12+00:00,Emumba,careers@emumba.com,sent,,
2026-08-11T06:19:32+00:00,Folio3,careers@folio3.com,sent,,
2026-08-11T06:21:37+00:00,DSquares,careers@dsquares.com,sent,,
2026-08-11T06:23:41+00:00,Dubizzle Group,careers@dubizzle.com,sent,,
2026-08-11T06:26:02+00:00,Khazna,careers@khazna.app,sent,,
2026-08-11T06:28:04+00:00,Ooredoo,careers@ooredoo.com,sent,,
2026-08-11T06:30:16+00:00,Postpay,careers@postpay.io,sent,,
2026-08-11T06:30:41+00:00,Attio,careers@attio.com,sent,,
2026-08-11T06:32:56+00:00,Bolt,careers@bolt.eu,sent,,
2026-08-11T06:35:21+00:00,Cognite,careers@cognite.com,sent,,
2026-08-11T06:37:40+00:00,Coolblue,careers@coolblue.nl,sent,,
2026-08-11T06:39:52+00:00,deepset,careers@deepset.ai,sent,,
2026-08-11T06:41:57+00:00,Element,careers@element.io,sent,,
2026-08-11T06:43:49+00:00,Feedzai,careers@feedzai.com,sent,,
2026-08-11T06:46:12+00:00,Flipdish,careers@flipdish.com,sent,,
2026-08-11T10:22:26+00:00,Arpatech,careers@arpatech.com,sent,,
2026-08-11T10:24:18+00:00,Rolustech,careers@rolustech.com,sent,,
2026-08-11T10:26:51+00:00,Sarwa,careers@sarwa.co,sent,,
2026-08-11T10:29:22+00:00,stc pay,careers@stcpay.com.sa,sent,,
2026-08-11T10:31:22+00:00,The Chefz,careers@thechefz.co,sent,,
2026-08-11T10:33:53+00:00,Trella,careers@trella.app,sent,,
2026-08-11T10:36:37+00:00,Coda Payments,careers@codapayments.com,sent,,
2026-08-11T10:39:05+00:00,Endowus,careers@endowus.com,sent,,
2026-08-11T10:40:55+00:00,Fave,careers@myfave.com,sent,,
2026-08-11T10:43:23+00:00,Grab,careers@grab.com,sent,,
2026-08-11T10:45:16+00:00,Tap Payments,careers@tap.company,sent,,
2026-08-11T10:47:38+00:00,Teleport,careers@teleport.asia,sent,,
2026-08-11T13:04:27+00:00,Gaditek,hr@gaditek.com,sent,,
2026-08-11T13:06:08+00:00,Zameen,hr@zameen.com,sent,,
2026-08-11T13:07:38+00:00,Bahrain FinTech Bay,hr@bahrainfintechbay.com,sent,,
2026-08-11T13:09:30+00:00,EasyStore,jobs@easystore.co,sent,,
2026-08-11T13:10:57+00:00,Telda,people@telda.app,sent,,
2026-08-11T13:12:23+00:00,Aircall,talent@aircall.io,sent,,
2026-08-11T13:13:57+00:00,Alan,talent@alan.com,sent,,
2026-08-11T13:15:46+00:00,Algolia,talent@algolia.com,sent,,
2026-08-11T13:17:08+00:00,Bunq,jobs@bunq.com,sent,,
2026-08-11T13:19:05+00:00,Aleph Alpha,hiring@aleph-alpha.com,sent,,
2026-08-11T13:20:30+00:00,Back Market,hr@backmarket.com,sent,,
2026-08-11T13:22:20+00:00,BlaBlaCar,people@blablacar.com,sent,,
2026-08-11T13:24:07+00:00,Cabify,people@cabify.com,sent,,
2026-08-12T08:26:31+00:00,Baserow,jobs@baserow.io,sent,,
2026-08-12T08:39:33+00:00,BrowserStack,careers@browserstack.com,sent,,
2026-08-12T08:41:05+00:00,Chargebee,careers@chargebee.com,sent,,
2026-08-12T08:43:04+00:00,Clerk,hiring@clerk.com,sent,,
2026-08-12T08:44:34+00:00,Fly.io,jobs@fly.io,sent,,
2026-08-12T08:46:21+00:00,Braze,careers@braze.com,sent,,
2026-08-12T08:47:59+00:00,Bubble,careers@bubble.io,sent,,
2026-08-12T08:49:31+00:00,Budibase,careers@budibase.com,sent,,
2026-08-12T08:51:16+00:00,Buffer,hiring@buffer.com,sent,,
2026-08-12T08:53:16+00:00,Bukalapak,careers@bukalapak.com,sent,,
2026-08-12T08:54:41+00:00,Cal.com,hr@cal.com,sent,,
2026-08-12T08:56:16+00:00,Chatwoot,careers@chatwoot.com,sent,,
2026-08-12T10:16:23+00:00,Cleo,talent@meetcleo.com,sent,,
2026-08-12T10:18:06+00:00,CleverTap,careers@clevertap.com,sent,,
2026-08-12T10:20:02+00:00,ClickUp,careers@clickup.com,sent,,
2026-08-12T10:21:57+00:00,Column,careers@column.com,sent,,
2026-08-12T10:23:21+00:00,CRED,talent@cred.club,sent,,
2026-08-12T10:24:44+00:00,Dashlane,talent@dashlane.com,sent,,
2026-08-12T10:26:36+00:00,Deezer,talent@deezer.com,sent,,
2026-08-12T10:28:33+00:00,Doctolib,hr@doctolib.com,sent,,
2026-08-12T10:30:33+00:00,Doctrine,hr@doctrine.fr,sent,,
2026-08-12T10:32:08+00:00,Dream11,talent@dream11.com,sent,,
2026-08-12T10:33:54+00:00,Dub.co,careers@dub.co,sent,,
2026-08-12T10:35:20+00:00,Ecosia,jobs@ecosia.org,sent,,
2026-08-12T10:36:57+00:00,FireHydrant,careers@firehydrant.com,sent,,
2026-08-12T10:38:22+00:00,Fireworks AI,careers@fireworks.ai,sent,,
2026-08-12T10:40:22+00:00,Glide,jobs@glideapps.com,sent,,
2026-08-12T10:42:17+00:00,Heap,careers@heap.io,sent,,
2026-08-12T10:44:13+00:00,Help Scout,talent@helpscout.com,sent,,
2026-08-12T10:45:59+00:00,Hightouch,talent@hightouch.com,sent,,
2026-08-12T10:47:54+00:00,Honeycomb,careers@honeycomb.io,sent,,
2026-08-12T10:49:39+00:00,Imgix,jobs@imgix.com,sent,,
2026-08-12T10:51:37+00:00,incident.io,careers@incident.io,sent,,
2026-08-12T10:53:15+00:00,Inngest,careers@inngest.com,sent,,
2026-08-12T10:55:07+00:00,Klook,careers@klook.com,sent,,
2026-08-12T10:56:48+00:00,Onfido,people@onfido.com,sent,,
2026-08-12T10:58:10+00:00,Preply,careers@preply.com,sent,,
2026-08-12T10:58:15+00:00,Aspire,recruiting@aspireapp.com,sent,,
2026-08-12T11:00:03+00:00,Qashio,people@qashio.com,sent,,
2026-08-12T11:01:42+00:00,Qlub,people@qlub.io,sent,,
2026-08-12T11:03:36+00:00,Sea Group,people@sea.com,sent,,
2026-08-12T11:05:20+00:00,BigPay,people@bigpayme.com,sent,,
2026-08-12T11:07:19+00:00,Mrsool,people@mrsool.co,sent,,
2026-08-12T11:09:05+00:00,Riskified,recruiting@riskified.com,sent,,
2026-08-12T11:10:55+00:00,Sary,people@sary.com,sent,,
2026-08-12T11:12:44+00:00,Shopee,people@shopee.com,sent,,
2026-08-12T11:14:14+00:00,StoreHub,people@storehub.com,sent,,
2026-08-12T12:05:52+00:00,Tamara,people@tamara.co,sent,,
2026-08-12T12:07:44+00:00,SafetyWing,people@safetywing.com,sent,,
2026-08-12T12:09:15+00:00,Lago,people@getlago.com,sent,,
2026-08-12T12:11:15+00:00,Qonto,people@qonto.com,sent,,
2026-08-12T12:13:00+00:00,Shippeo,people@shippeo.com,sent,,
2026-08-12T12:45:46+00:00,Qdrant,careers@qdrant.tech,sent,,
2026-08-12T12:47:09+00:00,Rapyd,jobs@rapyd.net,sent,,
2026-08-12T12:59:26+00:00,SoundCloud,recruiters@soundcloud.com,sent,,
2026-08-12T13:17:26+00:00,Render,careers@render.com,sent,,
2026-08-12T13:18:50+00:00,Rippling,hr@rippling.com,sent,,
2026-08-12T13:20:27+00:00,Supabase,hr@supabase.com,sent,,
2026-08-12T13:22:05+00:00,WorkOS,hr@workos.com,sent,,
2026-08-12T13:24:00+00:00,OneSignal,careers@onesignal.com,sent,,
2026-08-12T13:25:57+00:00,PhonePe,careers@phonepe.com,sent,,
2026-08-12T13:27:36+00:00,Plain.com,careers@plain.com,sent,,
2026-08-12T13:27:36+00:00,Plain.com,careers@plain.com,failed,[Errno 32] Broken pipe,
2026-08-12T14:28:16+00:00,Preset,careers@preset.io,sent,,
2026-08-12T14:30:05+00:00,Razorpay,careers@razorpay.com,sent,,
2026-08-12T14:32:16+00:00,Snorkel AI,careers@snorkel.ai,sent,,
2026-08-12T15:24:13+00:00,Webflow,careers@webflow.com,sent,,
2026-08-12T15:24:17+00:00,Neon,hr@neon.tech,sent,,
2026-08-12T15:25:56+00:00,Plaid,recruiting@plaid.com,sent,,
2026-08-12T15:27:23+00:00,Postmark,hiring@postmarkapp.com,sent,,
2026-08-12T15:28:46+00:00,Retool,recruiting@retool.com,sent,,
2026-08-12T15:30:07+00:00,Rootly,jobs@rootly.com,sent,,
2026-08-12T15:31:33+00:00,ShareChat,hr@sharechat.com,sent,,
2026-08-12T15:33:05+00:00,Shortcut,hr@shortcut.com,sent,,
2026-08-12T15:34:54+00:00,Split.io,hr@split.io,sent,,
2026-08-12T15:36:33+00:00,Stockbit,hr@stockbit.com,sent,,
2026-08-12T15:38:31+00:00,Tinybird,people@tinybird.co,sent,,
2026-08-12T15:40:06+00:00,Tiptap,hr@tiptap.dev,sent,,
2026-08-12T15:41:27+00:00,tldraw,hr@tldraw.com,sent,,
2026-08-12T15:43:18+00:00,Whimsical,people@whimsical.com,sent,,
2026-08-12T15:44:46+00:00,Zerodha,hr@zerodha.com,sent,,
2026-08-12T17:06:02+00:00,Mamo Pay,people@mamopay.com,sent,,
2026-08-12T17:07:43+00:00,Syarah,careers@syarah.com,sent,,
2026-08-12T17:09:32+00:00,Bending Spoons,careers@bendingspoons.com,sent,,
2026-08-12T17:11:11+00:00,Sequra,careers@sequra.com,sent,,
2026-08-12T17:16:14+00:00,Hubble.sg,hr@hubble.sg,sent,,
2026-08-12T17:17:52+00:00,Oddle,hiring@oddle.me,sent,,
2026-08-12T17:19:27+00:00,PolicyStreet,hr@policystreet.com,sent,,
2026-08-12T17:20:59+00:00,Tech in Asia,hr@techinasia.com,sent,,
2026-08-12T17:22:35+00:00,Casavo,hr@casavo.com,sent,,
2026-08-12T17:24:10+00:00,Cortilia,hr@cortilia.it,sent,,
2026-08-12T17:25:57+00:00,Badi,people@badi.com,sent,,
2026-08-12T17:27:51+00:00,Buzzoole,hr@buzzoole.com,sent,,
2026-08-12T17:29:13+00:00,Everli,hr@everli.com,sent,,
2026-08-12T17:31:02+00:00,Facile.it,hr@facile.it,sent,,
2026-08-12T17:32:56+00:00,Ironhack,recruiting@ironhack.com,sent,,
2026-08-12T17:34:47+00:00,Musixmatch,jobs@musixmatch.com,sent,,
2026-08-12T17:36:33+00:00,Prima Assicurazioni,jobs@prima.it,sent,,
2026-08-12T17:38:32+00:00,Satispay,hr@satispay.com,sent,,
2026-08-12T20:18:39+00:00,2C2P,careers@2c2p.com,sent,,
2026-08-12T20:20:10+00:00,Fundaztic,hr@fundaztic.com,sent,,
2026-08-12T20:21:44+00:00,Quiqup,careers@quiqup.com,sent,,
2026-08-12T20:23:37+00:00,ServiceMarket,careers@servicemarket.com,sent,,
2026-08-12T20:25:21+00:00,The Luxury Closet,careers@theluxurycloset.com,sent,,
2026-08-12T20:57:32+00:00,Flash Coffee,careers@flash-coffee.com,sent,,
2026-08-12T20:59:20+00:00,Tamatem,hr@tamatem.co,sent,,
2026-08-12T21:00:41+00:00,Birdie,jobs@birdie.care,sent,,
2026-08-12T21:02:16+00:00,Exoticca,people@exoticca.com,sent,,
2026-08-12T21:03:51+00:00,Holaluz,people@holaluz.com,sent,,
2026-08-12T21:05:43+00:00,Lastminute,people@lastminute.com,sent,,
2026-08-12T21:07:33+00:00,Qover,hr@qover.com,sent,,
2026-08-12T21:09:19+00:00,Vestiaire Collective,jobs@vestiairecollective.com,sent,,
2026-08-13T06:13:32+00:00,Daraz,hr@daraz.pk,sent,,
2026-08-13T06:14:59+00:00,Glints,careers@glints.com,sent,,
2026-08-13T06:16:27+00:00,Mudah,recruitment@mudah.my,sent,,
2026-08-13T06:17:53+00:00,Property Finder,recruitment@propertyfinder.ae,sent,,
2026-08-13T06:19:20+00:00,Wahed,recruitment@wahed.com,sent,,
2026-08-13T06:20:45+00:00,Apollo.io,recruitment@apollo.io,sent,,
2026-08-13T06:22:41+00:00,N26,recruitment@n26.com,sent,,
2026-08-13T06:24:11+00:00,Gorgias,recruitment@gorgias.com,sent,,
2026-08-13T06:25:33+00:00,Hotjar,recruitment@hotjar.com,sent,,
2026-08-13T06:27:32+00:00,Metabase,join@metabase.com,sent,,
2026-08-13T06:29:08+00:00,PayFit,recruitment@payfit.com,sent,,
2026-08-13T06:30:35+00:00,Revolut,recruitment@revolut.com,sent,,
2026-08-13T07:10:11+00:00,Carousell,recruitment@carousell.com,sent,,
2026-08-13T07:11:59+00:00,StaffAny,hr@staffany.com,sent,,
2026-08-13T07:13:26+00:00,Framer,hello@framer.com,sent,,
2026-08-13T07:15:02+00:00,Marshmallow,hello@marshmallow.com,sent,,
2026-08-13T07:17:00+00:00,Scandit,contact@scandit.com,sent,,
2026-08-13T16:34:05+00:00,Garena,hr@garena.com,sent,,
2026-08-13T16:35:47+00:00,Brevo,careers@brevo.com,sent,,
2026-08-13T16:37:18+00:00,Bux,hr@getbux.com,sent,,
2026-08-13T16:38:49+00:00,ChartMogul,careers@chartmogul.com,sent,,
2026-08-13T16:40:09+00:00,Courier,careers@courier.com,sent,,
2026-08-13T16:41:37+00:00,Getir,careers@getir.com,sent,,
2026-08-13T16:43:29+00:00,Heetch,careers@heetch.com,sent,,
2026-08-13T16:45:20+00:00,Jotform,hr@jotform.com,sent,,
2026-08-13T16:46:42+00:00,Make,hr@make.com,sent,,
2026-08-13T16:48:13+00:00,Moss,careers@getmoss.com,sent,,
2026-08-13T16:50:11+00:00,Nosto,hr@nosto.com,sent,,
2026-08-13T16:52:08+00:00,Omio,recruiting@omio.com,sent,,
2026-08-13T16:53:58+00:00,Omnisend,careers@omnisend.com,sent,,
2026-08-13T16:55:26+00:00,Restate,careers@restate.dev,sent,,
2026-08-13T16:57:03+00:00,Rohlik,hr@rohlik.cz,sent,,
2026-08-13T16:58:56+00:00,Scalable Capital,hr@scalable.capital,sent,,
2026-08-13T17:08:40+00:00,AB Tasty,jobs@abtasty.com,sent,,
2026-08-13T17:10:30+00:00,Flagsmith,jobs@flagsmith.com,sent,,
2026-08-13T17:12:15+00:00,Freetrade,people@freetrade.io,sent,,
2026-08-13T17:14:05+00:00,GrowthBook,hiring@growthbook.io,sent,,
2026-08-13T17:15:49+00:00,Hookdeck,jobs@hookdeck.com,sent,,
2026-08-13T17:17:10+00:00,Kestra,jobs@kestra.io,sent,,
2026-08-13T17:18:29+00:00,Pinecone,careers@pinecone.io,sent,,
2026-08-13T17:20:26+00:00,Sanity,recruiting@sanity.io,sent,,
2026-08-14T15:50:06+00:00,BigCommerce,careers@bigcommerce.com,sent,,
2026-08-14T15:51:59+00:00,Canary Mail,hr@canarymail.io,sent,,
2026-08-14T15:53:55+00:00,Captions,recruiting@captions.ai,sent,,
2026-08-14T15:55:35+00:00,Celigo,hr@celigo.com,sent,,
2026-08-14T15:57:04+00:00,Colossyan,careers@colossyan.com,sent,,
2026-08-14T15:58:59+00:00,Daytona,careers@daytona.io,sent,,
2026-08-14T16:00:32+00:00,Hunter,hr@hunter.io,sent,,
2026-08-14T16:02:31+00:00,Medusa,careers@medusajs.com,sent,,
2026-08-14T16:03:57+00:00,Northflank,careers@northflank.com,sent,,
2026-08-14T16:05:24+00:00,Phantombuster,hr@phantombuster.com,sent,,
2026-08-14T16:07:20+00:00,Pitch,hr@pitch.com,sent,,
2026-08-14T16:08:57+00:00,Snov.io,hr@snov.io,sent,,
2026-08-14T16:10:47+00:00,Startpage,hr@startpage.com,sent,,
2026-08-14T16:12:09+00:00,Token.io,careers@token.io,sent,,
2026-08-14T16:13:54+00:00,TrueLayer,recruiting@truelayer.com,sent,,
2026-08-14T16:15:15+00:00,Yapily,careers@yapily.com,sent,,
2026-08-14T16:30:53+00:00,Appxolute,hr@appxolute.com,sent,,
2026-08-14T16:32:49+00:00,Arrivy,careers@arrivy.com,sent,,
2026-08-14T16:34:15+00:00,Devathon,hr@devathon.com,sent,,
2026-08-14T16:35:59+00:00,Markaz,careers@markaz.app,sent,,
2026-08-14T16:37:46+00:00,Buildkite,careers@buildkite.com,sent,,
2026-08-14T16:39:32+00:00,Hipages,careers@hipages.com.au,sent,,
2026-08-14T16:41:23+00:00,Rokt,careers@rokt.com,sent,,
2026-08-14T16:43:00+00:00,SiteMinder,careers@siteminder.com,sent,,
2026-08-14T16:44:42+00:00,MotherDuck,jobs@motherduck.com,sent,,
2026-08-14T16:46:34+00:00,Turso,jobs@turso.tech,sent,,
2026-08-14T16:48:27+00:00,Unleash,recruitment@getunleash.io,sent,,
2026-08-14T16:48:50+00:00,Qatar Islamic Bank,careers@qib.com.qa,sent,,
2026-08-14T17:26:31+00:00,Nextbridge,careers@nextbridge.com,sent,,
2026-08-14T17:28:25+00:00,Xgrid,jobs@xgrid.com,sent,,
2026-08-14T17:30:18+00:00,Airtasker,jobs@airtasker.com,sent,,
2026-08-14T17:31:40+00:00,Domain,recruitment@domain.com.au,sent,,
2026-08-14T17:33:05+00:00,Immutable,people@immutable.com,sent,,
2026-08-14T17:34:57+00:00,Kit,people@kit.com,sent,,
2026-08-14T17:35:37+00:00,Finder,careers@finder.com.au,sent,,
2026-08-14T17:37:35+00:00,Booksy,jobs@booksy.com,sent,,
2026-08-14T17:39:23+00:00,Brainly,jobs@brainly.com,sent,,
2026-08-14T17:41:15+00:00,Codility,jobs@codility.com,sent,,
2026-08-14T17:43:10+00:00,Waalaxy,hiring@waalaxy.com,sent,,
2026-08-14T17:43:43+00:00,Personio HR,careers@personio.de,sent,,
2026-08-14T18:52:39+00:00,Appcues,careers@appcues.com,sent,,
2026-08-14T18:54:25+00:00,Chili Piper,recruiting@chilipiper.com,sent,,
2026-08-14T18:56:00+00:00,Cockroach,careers@cockroachlabs.com,sent,,
2026-08-14T18:57:21+00:00,Coder,careers@coder.com,sent,,
2026-08-14T18:58:57+00:00,CodeSandbox,careers@codesandbox.io,sent,,
2026-08-14T19:00:28+00:00,Cron,careers@cron.com,sent,,
2026-08-14T19:01:53+00:00,Dagger,hr@dagger.io,sent,,
2026-08-14T19:02:13+00:00,Beamery,people@beamery.com,sent,,
2026-08-14T19:03:57+00:00,Demandbase,careers@demandbase.com,sent,,
2026-08-14T19:05:44+00:00,Descript,hr@descript.com,sent,,
2026-08-14T19:07:18+00:00,Earthly,hr@earthly.dev,sent,,
2026-08-14T19:08:47+00:00,Eightfold,careers@eightfold.ai,sent,,
2026-08-14T19:10:21+00:00,Greenhouse,careers@greenhouse.io,sent,,
2026-08-14T19:11:52+00:00,Ideogram,careers@ideogram.ai,sent,,
2026-08-14T19:13:33+00:00,Justworks,recruiting@justworks.com,sent,,
2026-08-14T19:15:11+00:00,Krea,careers@krea.ai,sent,,
2026-08-14T19:17:07+00:00,Midjourney,careers@midjourney.com,sent,,
2026-08-14T19:18:28+00:00,MongoDB,careers@mongodb.com,sent,,
2026-08-14T19:20:09+00:00,Motivosity,hr@motivosity.com,sent,,
2026-08-14T19:21:33+00:00,Mutiny,hr@mutinyhq.com,sent,,
2026-08-14T19:22:53+00:00,Otta,people@otta.com,sent,,
2026-08-14T19:24:27+00:00,Otter,hr@otter.ai,sent,,
2026-08-14T19:26:16+00:00,Pendo,hr@pendo.io,sent,,
2026-08-15T05:38:44+00:00,LlamaIndex,people@llamaindex.ai,sent,,
2026-08-15T05:40:37+00:00,Pika,hr@pika.art,sent,,
2026-08-15T05:42:24+00:00,Runway,hr@runwayml.com,sent,,
2026-08-15T05:44:05+00:00,StackBlitz,hr@stackblitz.com,sent,,
2026-08-15T05:45:39+00:00,Timescale,hr@timescale.com,sent,,
2026-08-15T05:47:20+00:00,Warp,recruiting@warp.dev,sent,,
2026-08-15T05:48:55+00:00,Wellfound,hr@wellfound.com,sent,,
2026-08-15T05:50:20+00:00,Cortex,careers@cortex.io,sent,,
2026-08-15T05:52:00+00:00,Jellyfish,jobs@jellyfish.co,sent,,
2026-08-15T05:53:47+00:00,LinearB,hr@linearb.io,sent,,
2026-08-15T05:55:29+00:00,Mia,careers@mia-platform.eu,sent,,
2026-08-15T05:56:55+00:00,Swarmia,careers@swarmia.com,sent,,
2026-08-15T05:59:41+00:00,Astra,careers@astra.finance,sent,,
2026-08-15T06:01:11+00:00,Finch,recruiting@tryfinch.com,sent,,
2026-08-15T06:03:01+00:00,Lithic,hr@lithic.com,sent,,
2026-08-15T06:04:26+00:00,Moov,careers@moov.io,sent,,
2026-08-15T06:05:59+00:00,Pinwheel,recruiting@pinwheelapi.com,sent,,
2026-08-15T06:07:48+00:00,Public,careers@public.com,sent,,
2026-08-15T06:09:27+00:00,Qovery,people@qovery.com,sent,,
2026-08-15T07:09:59+00:00,Archistar,people@archistar.ai,sent,,
2026-08-15T07:11:45+00:00,Bayt,hr@bayt.com,sent,,
2026-08-15T07:13:12+00:00,Sympl,careers@sympl.ai,sent,,
2026-08-15T07:15:12+00:00,Abnormal,careers@abnormalsecurity.com,sent,,
2026-08-15T07:16:37+00:00,Abstract,hr@abstract.com,sent,,
2026-08-15T07:18:35+00:00,Breathe,careers@breathehr.com,sent,,
2026-08-15T07:20:14+00:00,CharlieHR,people@charliehr.com,sent,,
2026-08-15T07:22:07+00:00,Jina,hr@jina.ai,sent,,
2026-08-15T07:23:46+00:00,Kenjo,hr@kenjo.io,sent,,
2026-08-15T07:25:11+00:00,Parseur,hr@parseur.com,sent,,
2026-08-15T07:26:43+00:00,Platform.sh,jobs@platform.sh,sent,,
2026-08-15T07:28:42+00:00,QuestDB,careers@questdb.io,sent,,
2026-08-15T07:30:38+00:00,Y Combinator,jobs@ycombinator.com,sent,,
2026-08-15T07:30:53+00:00,Character,hr@character.com,sent,,
2026-08-15T07:32:29+00:00,Extend,hr@extend.com,sent,,
2026-08-15T07:33:59+00:00,Factorial,jobs@factorial.co,sent,,
2026-08-15T07:35:30+00:00,LangChain,hr@langchain.dev,sent,,
2026-08-15T07:37:10+00:00,Lattice,careers@latticehq.com,sent,,
2026-08-15T07:38:49+00:00,Mirakl,jobs@mirakl.net,sent,,
2026-08-15T07:40:11+00:00,Mistral,jobs@mistral.com,sent,,
2026-08-15T07:41:47+00:00,Outreach,careers@outreach.com,sent,,
2026-08-15T08:52:14+00:00,Oyster,careers@oyster.com,sent,,
2026-08-15T08:54:11+00:00,Pennylane,hr@pennylane.tech,sent,,
2026-08-15T10:20:15+00:00,Sekel,careers@sekel.tech,sent,,
2026-08-15T10:21:39+00:00,Amplitude,jobs@amplitude.app,sent,,
2026-08-15T10:27:41+00:00,Ciklum,hr@ciklum.com,sent,,
2026-08-15T10:29:38+00:00,Docker,careers@docker.com,sent,,
2026-08-15T10:31:09+00:00,Flexport,careers@flexport.com,sent,,
2026-08-15T10:33:03+00:00,Grid Dynamics,hr@griddynamics.com,sent,,
2026-08-15T10:34:44+00:00,Mattermost,careers@mattermost.com,sent,,
2026-08-15T10:36:08+00:00,Moralis,careers@moralis.io,sent,,
2026-08-15T10:37:59+00:00,N-iX,careers@n-ix.com,sent,,
2026-08-15T10:39:44+00:00,Nuro,careers@nuro.ai,sent,,
2026-08-15T10:41:45+00:00,Nylas,hr@nylas.com,sent,,
2026-08-15T10:43:26+00:00,QuickNode,hr@quicknode.com,sent,,
2026-08-15T10:45:08+00:00,Ripio,jobs@ripio.com,sent,,
2026-08-15T10:46:54+00:00,Rocket Chat,hr@rocket.chat,sent,,
2026-08-15T10:48:30+00:00,Shippo,hr@shippo.com,sent,,
2026-08-15T10:50:16+00:00,Spacelift,hr@spacelift.io,sent,,
2026-08-15T10:51:54+00:00,Teikametrics,hr@teikametrics.com,sent,,
2026-08-15T10:53:29+00:00,Thirdweb,hr@thirdweb.com,sent,,
2026-08-15T10:55:07+00:00,Unity,jobs@unity.com,sent,,
2026-08-15T10:57:44+00:00,Buf,recruiting@buf.build,sent,,
2026-08-15T10:59:11+00:00,Glean,talent@glean.com,sent,,
2026-08-15T11:00:35+00:00,HubSpot,recruiting@hubspot.com,sent,,
2026-08-15T11:01:59+00:00,Iterable,recruiting@iterable.com,sent,,
2026-08-15T11:03:41+00:00,JumpCloud,recruiting@jumpcloud.com,sent,,
2026-08-15T11:05:31+00:00,mParticle,recruiting@mparticle.com,sent,,
2026-08-15T11:07:20+00:00,Pulumi,recruiting@pulumi.com,sent,,
2026-08-15T11:09:19+00:00,Stytch,recruiting@stytch.com,sent,,
2026-08-15T11:11:08+00:00,Temporal,recruiting@temporal.io,sent,,
2026-08-15T11:12:43+00:00,Tray.io,talent@tray.io,sent,,
2026-08-15T11:14:11+00:00,Yugabyte,hr@yugabyte.com,sent,,
2026-08-15T11:20:11+00:00,Indeed,hr@indeed.com,sent,,
2026-08-15T11:22:05+00:00,Plenti,careers@plenti.com.au,sent,,
2026-08-15T11:24:02+00:00,RateSetter,careers@ratesetter.com.au,sent,,
2026-08-15T11:25:39+00:00,Spaceship,careers@spaceship.com.au,sent,,
2026-08-15T11:27:36+00:00,Stake,hr@hellostake.com,sent,,
2026-08-15T11:29:22+00:00,Superhero,careers@superhero.com.au,sent,,
2026-08-15T11:31:12+00:00,Wisr,careers@wisr.com.au,sent,,
2026-08-15T11:32:47+00:00,AboutYou,jobs@aboutyou.de,sent,,
2026-08-15T11:36:01+00:00,Adjust,hr@adjust.com,sent,,
2026-08-15T11:37:36+00:00,Clark,careers@clark.de,sent,,
2026-08-15T11:39:01+00:00,Comtravo,jobs@comtravo.com,sent,,
2026-08-15T11:40:23+00:00,Frontify,hr@frontify.com,sent,,
2026-08-15T11:41:58+00:00,AngelList,hr@angel.co,sent,,
2026-08-15T11:43:51+00:00,Blind,careers@teamblind.com,sent,,
2026-08-15T11:45:12+00:00,Glassdoor,hr@glassdoor.com,sent,,
2026-08-15T11:47:03+00:00,Levels,careers@levels.fyi,sent,,
2026-08-15T11:48:36+00:00,Lucca,jobs@lucca.fr,sent,,
2026-08-15T11:50:07+00:00,Ogury,careers@ogury.com,sent,,
2026-08-15T11:51:51+00:00,Oxbotica,hr@oxbotica.com,sent,,
2026-08-15T11:53:31+00:00,Product Hunt,jobs@producthunt.com,sent,,
2026-08-15T11:55:24+00:00,Raisin,careers@raisin.com,sent,,
2026-08-15T11:57:05+00:00,Rovio,hr@rovio.com,sent,,
2026-08-15T11:59:03+00:00,Secondmind,careers@secondmind.ai,sent,,
2026-08-15T12:00:43+00:00,Seedtag,people@seedtag.com,sent,,
2026-08-15T12:02:34+00:00,Sifted,careers@sifted.eu,sent,,
2026-08-15T12:04:27+00:00,Teads,hr@teads.com,sent,,
2026-08-15T12:30:04+00:00,Samba,hr@samba.com,sent,,
2026-08-15T12:31:53+00:00,Anna Money,careers@anna.money,sent,,
2026-08-15T12:33:42+00:00,Billogram,hr@billogram.com,sent,,
2026-08-15T12:35:13+00:00,Binance,hr@binance.com,sent,,
2026-08-15T12:37:08+00:00,Bitfinex,careers@bitfinex.com,sent,,
2026-08-15T12:38:58+00:00,Countingup,careers@countingup.com,sent,,
2026-08-15T12:40:53+00:00,FreeAgent,jobs@freeagent.com,sent,,
2026-08-15T12:42:30+00:00,Kivra,hr@kivra.com,sent,,
2026-08-15T12:43:56+00:00,Mapbox,hr@mapbox.com,sent,,
2026-08-15T12:45:34+00:00,Moneybird,hr@moneybird.com,sent,,
2026-08-15T12:47:27+00:00,Taxify,careers@taxify.eu,sent,,
2026-08-15T12:49:04+00:00,Transit,hr@transitapp.com,sent,,
2026-08-15T12:50:46+00:00,What3words,jobs@what3words.com,sent,,
2026-08-15T12:58:47+00:00,Free Now,recruiting@free-now.com,sent,,
2026-08-15T13:13:35+00:00,Atomic Finance,talent@atomic.financial,sent,,
2026-08-15T13:15:13+00:00,Clockwise,recruiting@getclockwise.com,sent,,
2026-08-15T13:17:02+00:00,EvenUp,recruiting@evenuplaw.com,sent,,
2026-08-15T13:18:33+00:00,Inflection,talent@inflection.ai,sent,,
2026-08-15T13:20:11+00:00,InfluxData,recruiting@influxdata.com,sent,,
2026-08-15T13:21:37+00:00,InVision,recruiting@invisionapp.com,sent,,
2026-08-15T13:22:59+00:00,PandaDoc,recruiting@pandadoc.com,sent,,
2026-08-15T13:24:42+00:00,Rollbar,talent@rollbar.com,sent,,
2026-08-15T19:45:55+00:00,BBVA,talent@bbva.com,sent,,
2026-08-15T19:47:43+00:00,Billie,jobs@billie.io,sent,,
2026-08-15T19:49:17+00:00,Depop,jobs@depop.com,sent,,
2026-08-15T19:50:59+00:00,Five AI,talent@five.ai,sent,,
2026-08-15T19:52:27+00:00,Hokodo,jobs@hokodo.co,sent,,
2026-08-15T19:54:07+00:00,Luko,join@luko.eu,sent,,
2026-08-15T19:55:44+00:00,Mondu,people@mondu.ai,sent,,
2026-08-15T19:57:03+00:00,MyTaxi,recruiting@mytaxi.com,sent,,
2026-08-15T19:58:38+00:00,Solo.io,recruiting@solo.io,sent,,
2026-08-15T20:00:10+00:00,Unstructured,recruiting@unstructured.io,sent,,
2026-08-15T20:02:03+00:00,Volt,jobs@volt.io,sent,,
2026-08-16T11:15:09+00:00,About You,jobs@aboutyou.com,sent,,
2026-08-16T11:17:05+00:00,BetterUp,careers@betterup.com,sent,,
2026-08-16T11:18:28+00:00,Calm,careers@calm.com,sent,,
2026-08-16T11:19:52+00:00,Carto,hr@carto.com,sent,,
2026-08-16T11:21:27+00:00,Duolingo,jobs@duolingo.com,sent,,
2026-08-16T11:22:52+00:00,Einride,hr@einride.tech,sent,,
2026-08-16T11:24:12+00:00,Headspace,careers@headspace.com,sent,,
2026-08-16T11:25:37+00:00,PolyAI,careers@poly.ai,sent,,
2026-08-16T11:27:20+00:00,Productboard,jobs@productboard.com,sent,,
2026-08-16T11:28:42+00:00,Solana,careers@solana.com,sent,,
2026-08-16T11:30:18+00:00,Stc,hr@stc.com.bh,sent,,
2026-08-16T11:31:52+00:00,Udemy,careers@udemy.com,sent,,
2026-08-16T12:24:24+00:00,Catch,careers@catch.com.au,sent,,
2026-08-16T12:26:09+00:00,Pet Circle,hr@petcircle.com.au,sent,,
2026-08-16T12:27:37+00:00,ActionIQ,hr@actioniq.com,sent,,
2026-08-16T12:29:25+00:00,Airship,hr@airship.com,sent,,
2026-08-16T12:30:47+00:00,Anomalo,careers@anomalo.com,sent,,
2026-08-16T12:32:34+00:00,Appsheet,careers@appsheet.com,sent,,
2026-08-16T12:34:07+00:00,BlueConic,hr@blueconic.com,sent,,
2026-08-16T12:35:42+00:00,Branch,hr@branch.io,sent,,
2026-08-16T12:37:07+00:00,Brave,hr@brave.com,sent,,
2026-08-16T12:38:36+00:00,Collibra,careers@collibra.com,sent,,
2026-08-16T12:40:04+00:00,Com2uS,hr@com2us.com,sent,,
2026-08-16T12:41:34+00:00,DocuSign,hr@docusign.com,sent,,
2026-08-16T12:43:16+00:00,Eventbrite,careers@eventbrite.com,sent,,
2026-08-16T12:44:57+00:00,Forter,jobs@forter.com,sent,,
2026-08-16T12:46:32+00:00,GameAnalytics,careers@gameanalytics.com,sent,,
2026-08-16T12:47:59+00:00,Great,careers@greatexpectations.io,sent,,
2026-08-16T12:49:36+00:00,HoneyBook,careers@honeybook.com,sent,,
2026-08-16T12:51:25+00:00,Kabam,careers@kabam.com,sent,,
2026-08-16T12:53:09+00:00,Lemonade,jobs@lemonade.com,sent,,
2026-08-16T12:54:59+00:00,Looker,careers@looker.com,sent,,
2026-08-16T12:56:36+00:00,Monte,recruiting@montecarlodata.com,sent,,
2026-08-16T12:58:07+00:00,Niantic,jobs@nianticlabs.com,sent,,
2026-08-16T12:59:58+00:00,Playrix,hr@playrix.com,sent,,
2026-08-16T13:01:46+00:00,Plus500,careers@plus500.com,sent,,
2026-08-16T13:03:13+00:00,Tableau,jobs@tableau.com,sent,,
2026-08-16T13:04:37+00:00,TickTick,hr@ticktick.com,sent,,
2026-08-16T13:06:31+00:00,Treasure,careers@treasuredata.com,sent,,
2026-08-16T13:50:33+00:00,Flutterwave,hr@flutterwave.com,sent,,
2026-08-16T13:52:02+00:00,Macquarie,careers@macquarie.com,sent,,
2026-08-16T13:53:30+00:00,Amuse,hr@amuse.io,sent,,
2026-08-16T13:55:19+00:00,Axure,hr@axure.com,sent,,
2026-08-16T13:56:45+00:00,Balsamiq,jobs@balsamiq.com,sent,,
2026-08-16T13:58:31+00:00,Bloomfire,hr@bloomfire.com,sent,,
2026-08-16T13:59:56+00:00,Boundless,hr@boundlesshq.com,sent,,
2026-08-16T14:01:49+00:00,Bud,people@thisisbud.com,sent,,
2026-08-16T14:03:16+00:00,Checkr,hr@checkr.com,sent,,
2026-08-16T14:04:24+00:00,Chip,careers@getchip.uk,sent,,emailll.txt
2026-08-16T14:06:19+00:00,Craft,talent@craft.do,sent,,emailll_ai.txt
2026-08-16T14:07:46+00:00,DistroKid,careers@distrokid.com,sent,,emailll_go.txt
2026-08-16T14:09:44+00:00,Fountain,hr@fountain.com,sent,,emailll.txt
2026-08-16T14:11:43+00:00,HackerRank,careers@hackerrank.com,sent,,emailll_ai.txt
2026-08-16T14:13:14+00:00,HireVue,hr@hirevue.com,sent,,emailll_go.txt
2026-08-16T14:14:50+00:00,Jitterbit,careers@jitterbit.com,sent,,emailll.txt
2026-08-16T14:16:36+00:00,Lano,people@lano.io,sent,,emailll_ai.txt
2026-08-16T14:18:16+00:00,Mixmax,careers@mixmax.com,sent,,emailll_go.txt
2026-08-16T14:19:44+00:00,Modern,hr@modernhire.com,sent,,emailll.txt
2026-08-16T14:21:32+00:00,Moneyhub,careers@moneyhub.com,sent,,emailll_ai.txt
2026-08-16T14:23:06+00:00,Musicbed,jobs@musicbed.com,sent,,emailll_go.txt
2026-08-16T14:25:00+00:00,Pinpoint,careers@pinpointhq.com,sent,,emailll.txt
2026-08-16T14:26:58+00:00,Salary,hr@salaryfinance.com,sent,,emailll_ai.txt
2026-08-16T14:28:17+00:00,Sketch,people@sketch.com,sent,,emailll_go.txt
2026-08-16T14:29:43+00:00,Skuad,people@skuad.io,sent,,emailll.txt
2026-08-16T14:31:37+00:00,SnapLogic,jobs@snaplogic.com,sent,,emailll_ai.txt
2026-08-16T14:33:12+00:00,Spark,careers@sparkhire.com,sent,,emailll_go.txt
2026-08-16T14:34:58+00:00,Specify,people@specifyapp.com,sent,,emailll.txt
2026-08-16T14:36:51+00:00,TestGorilla,people@testgorilla.com,sent,,emailll_ai.txt
2026-08-16T14:38:18+00:00,United,hr@unitedmasters.com,sent,,emailll_go.txt
2026-08-16T14:40:07+00:00,VidCruiter,careers@vidcruiter.com,sent,,emailll.txt
2026-08-16T14:41:54+00:00,Wagestream,hr@wagestream.com,sent,,emailll_ai.txt
2026-08-16T14:43:36+00:00,Yesware,careers@yesware.com,sent,,emailll_go.txt
2026-08-16T14:45:15+00:00,Zeplin,careers@zeplin.io,sent,,emailll.txt
2026-08-16T14:46:45+00:00,Zeroheight,careers@zeroheight.com,sent,,emailll_ai.txt
2026-08-16T15:27:10+00:00,AdGuard,hr@adguard.com,sent,,emailll.txt
2026-08-16T15:28:30+00:00,Akamai,careers@akamai.com,sent,,emailll_ai.txt
2026-08-16T15:30:12+00:00,Apify,jobs@apify.com,sent,,emailll_go.txt
2026-08-16T15:31:42+00:00,Applitools,hr@applitools.com,sent,,emailll.txt
2026-08-16T15:33:15+00:00,Batch,hr@batch.com,sent,,emailll_ai.txt
2026-08-16T15:35:11+00:00,Bravo,hr@bravostudio.app,sent,,emailll_go.txt
2026-08-16T15:36:39+00:00,Browserbase,jobs@browserbase.com,sent,,emailll.txt
2026-08-16T15:38:29+00:00,Cilium,jobs@cilium.io,sent,,emailll_ai.txt
2026-08-16T15:40:19+00:00,Code,careers@codeium.com,sent,,emailll_go.txt
2026-08-16T15:42:09+00:00,Copper,careers@copper.com,sent,,emailll.txt
2026-08-16T15:44:07+00:00,Heroku,hr@heroku.com,sent,,emailll_ai.txt
2026-08-16T15:45:49+00:00,Katalon,careers@katalon.com,sent,,emailll_go.txt
2026-08-16T15:47:38+00:00,Keeper,careers@keepersecurity.com,sent,,emailll.txt
2026-08-16T15:49:36+00:00,LambdaTest,hr@lambdatest.com,sent,,emailll_ai.txt
2026-08-16T15:51:08+00:00,LanceDB,jobs@lancedb.com,sent,,emailll_go.txt
2026-08-16T15:52:43+00:00,Medium,jobs@medium.com,sent,,emailll.txt
2026-08-16T15:54:18+00:00,Memgraph,careers@memgraph.com,sent,,emailll_ai.txt
2026-08-16T15:56:03+00:00,Neo4j,careers@neo4j.com,sent,,emailll_go.txt
2026-08-16T15:57:30+00:00,Netbird,hr@netbird.io,sent,,emailll.txt
2026-08-16T15:59:22+00:00,Nhost,careers@nhost.io,sent,,emailll_ai.txt
2026-08-16T16:01:08+00:00,Rows,hr@rows.com,sent,,emailll_go.txt
2026-08-16T16:02:47+00:00,Search,jobs@searchapi.io,sent,,emailll.txt
2026-08-16T16:04:26+00:00,Sumo,jobs@sumologic.com,sent,,emailll_ai.txt
2026-08-16T16:05:47+00:00,Tabnine,hr@tabnine.com,sent,,emailll_go.txt
2026-08-16T16:07:36+00:00,TigerGraph,hr@tigergraph.com,sent,,emailll.txt
2026-08-16T16:09:28+00:00,Trafilea,hr@trafilea.com,sent,,emailll_ai.txt
2026-08-16T16:11:09+00:00,Unsplash,join@unsplash.com,sent,,emailll_go.txt
2026-08-16T16:12:35+00:00,Vespa,jobs@vespa.ai,sent,,emailll.txt
2026-08-16T16:14:18+00:00,WebEngage,hr@webengage.com,sent,,emailll_ai.txt
2026-08-16T19:26:04+00:00,Tripadvisor,talent@tripadvisor.com,sent,,emailll.txt
2026-08-17T04:41:10+00:00,Anyword,recruiting@anyword.com,sent,,emailll.txt
2026-08-17T04:43:09+00:00,Bandwidth,recruiting@bandwidth.com,sent,,emailll_ai.txt
2026-08-17T04:45:07+00:00,Baydin,recruiting@baydin.com,sent,,emailll_go.txt
2026-08-17T04:46:37+00:00,Builder,hiring@builder.io,sent,,emailll.txt
2026-08-17T04:48:18+00:00,Iconosquare,jobs@iconosquare.com,sent,,emailll_ai.txt
2026-08-17T04:50:03+00:00,Imweb,people@imweb.me,sent,,emailll_go.txt
2026-08-17T04:51:41+00:00,Leadiq,jobs@leadiq.com,sent,,emailll.txt
2026-08-17T04:53:25+00:00,Matrix,jobs@matrix.org,sent,,emailll_ai.txt
2026-08-17T04:55:05+00:00,Sendible,jobs@sendible.com,sent,,emailll_go.txt
2026-08-17T04:56:49+00:00,Thefabulous,talent@thefabulous.co,sent,,emailll.txt
2026-08-17T04:58:22+00:00,Vimeo,people@vimeo.com,sent,,emailll_ai.txt
2026-08-17T04:59:44+00:00,Wire,jobs@wire.com,sent,,emailll_go.txt
2026-08-17T05:01:27+00:00,Wpengine,recruiting@wpengine.com,sent,,emailll.txt
2026-08-17T05:10:37+00:00,Iress,recruitment@iress.com,sent,,emailll.txt
2026-08-17T05:12:03+00:00,Qlik,recruitment@qlik.com,sent,,emailll_ai.txt
2026-08-17T05:14:18+00:00,Gmelius,jobs@gmelius.com,sent,,emailll.txt
2026-08-17T05:31:11+00:00,Emaar,talentacquisition@emaar.com,sent,,emailll.txt
2026-08-17T05:32:51+00:00,Esri,talentacquisition@esri.com,sent,,emailll_ai.txt
2026-08-17T05:34:13+00:00,Kayak,team@kayak.com,sent,,emailll_go.txt
2026-08-17T05:35:47+00:00,Mulesoft,peopleops@mulesoft.com,sent,,emailll.txt
2026-08-17T05:37:23+00:00,Paychex,careers@paychex.com,sent,,emailll_ai.txt
2026-08-17T05:38:53+00:00,Prospa,team@prospa.com,sent,,emailll_go.txt
2026-08-17T05:40:44+00:00,Spglobal,team@spglobal.com,sent,,emailll.txt
2026-08-17T05:42:36+00:00,Stitchdata,team@stitchdata.com,sent,,emailll_ai.txt
2026-08-17T05:44:01+00:00,Virginaustralia,talentacquisition@virginaustralia.com,sent,,emailll_go.txt
2026-08-17T06:05:50+00:00,Anytype,hr@anytype.io,sent,,emailll.txt
2026-08-17T06:07:09+00:00,Astronomer,careers@astronomer.io,sent,,emailll_ai.txt
2026-08-17T06:08:32+00:00,Cargo,jobs@cargo.site,sent,,emailll_go.txt
2026-08-17T06:10:17+00:00,Flexibits,jobs@flexibits.com,sent,,emailll.txt
2026-08-17T06:11:56+00:00,Jasper,people@jasper.ai,sent,,emailll_ai.txt
2026-08-17T06:13:27+00:00,Keybase,jobs@keybase.io,sent,,emailll_go.txt
2026-08-17T06:15:07+00:00,Pantheon,careers@pantheon.io,sent,,emailll.txt
2026-08-17T06:16:41+00:00,Rapidapi,careers@rapidapi.com,sent,,emailll_ai.txt
2026-08-17T06:18:14+00:00,Riseup,hr@riseup.ai,sent,,emailll_go.txt
2026-08-17T06:19:40+00:00,Sproutsocial,careers@sproutsocial.com,sent,,emailll.txt
2026-08-17T06:21:20+00:00,Wistia,hr@wistia.com,sent,,emailll_ai.txt
2026-08-17T06:22:51+00:00,Wso2,careers@wso2.com,sent,,emailll_go.txt
2026-08-17T08:41:21+00:00,Digital Gravity,careers@digitalgravity.ae,sent,,emailll.txt
2026-08-17T08:43:08+00:00,Emerging Software,hr@emergingssoftware.com,sent,,emailll_ai.txt
2026-08-17T08:44:52+00:00,Trade Foresight,careers@tradeforesight.com,sent,,emailll_go.txt
2026-08-17T09:15:03+00:00,Ability BPO,careers@abilitybpo.com,sent,,emailll.txt
2026-08-17T09:16:46+00:00,Ashrei Tech,careers@ashreitech.com,sent,,emailll_ai.txt
2026-08-17T09:18:46+00:00,Bioniks,careers@bioniks.org,sent,,emailll_go.txt
2026-08-17T09:20:44+00:00,Famco Associates,careers@famco.com.pk,sent,,emailll.txt
2026-08-17T09:22:14+00:00,Inseyab,careers@inseyab.com,sent,,emailll_ai.txt
2026-08-17T09:24:15+00:00,Mahaana,careers@mahaana.com,sent,,emailll_go.txt
2026-08-17T09:26:08+00:00,Mera SABAQ,careers@sabaq.edu.pk,sent,,emailll.txt
2026-08-17T09:28:02+00:00,Office Automation Services,careers@oaspakistan.com,sent,,emailll_ai.txt
2026-08-17T09:29:48+00:00,RMS Techknowledgy,careers@rmstechknowledgy.com,sent,,emailll_go.txt
2026-08-17T09:31:23+00:00,Salesflo,careers@salesflo.com,sent,,emailll.txt
2026-08-17T09:33:14+00:00,The Hive,careers@thehive.pk,sent,,emailll_ai.txt
2026-08-17T09:35:06+00:00,Transviti,careers@transviti.com,sent,,emailll_go.txt
2026-08-17T10:03:36+00:00,Ideabox,careers@ideabox.pk,sent,,emailll.txt
2026-08-17T10:04:59+00:00,RMS Techknowledgy,info@rmstechknowledgy.com,sent,,emailll_ai.txt
2026-08-17T10:06:51+00:00,Ability,maryam.iqbal@ability.com.pk,sent,,emailll_go.txt
2026-08-17T10:08:43+00:00,Ashrei Tech,talent@ashreitech.com,sent,,emailll.txt
2026-08-17T10:10:09+00:00,Bioniks,hr@bioniks.org,sent,,emailll_ai.txt
2026-08-17T10:11:37+00:00,Famco Associates,hr.gdc@famco.com.pk,sent,,emailll_go.txt
2026-08-17T10:13:07+00:00,Inseyab,amber.fatima@inseyab.com,sent,,emailll.txt
2026-08-17T10:15:07+00:00,Office Automation Services,recruitment@oaspakistan.com,sent,,emailll_ai.txt
2026-08-17T10:16:56+00:00,The Hive,hr@thehive.pk,sent,,emailll_go.txt
2026-08-17T10:18:39+00:00,Transviti,sarim.khan@transviti.com,sent,,emailll.txt
2026-08-17T10:19:43+00:00,Ashrei Tech,info@ashreitech.com,sent,,emailll_ai.txt
2026-08-17T10:24:51+00:00,PIBAS,info@pibas.com,sent,,emailll.txt
2026-08-17T10:26:17+00:00,Mahaana,hello@mahaana.com,sent,,emailll_ai.txt
2026-08-17T10:27:52+00:00,Mera SABAQ,info@sabaq.edu.pk,sent,,emailll_go.txt
2026-08-17T10:29:24+00:00,PayFast,info@gopayfast.com,sent,,emailll.txt
2026-08-17T10:31:22+00:00,Salesflo,info@salesflo.com,sent,,emailll_ai.txt
2026-08-17T10:31:52+00:00,Mahaana,umme.hani@mahaana.com,sent,,emailll_go.txt
2026-08-17T10:33:35+00:00,Securebeans,hr@securebeans.com,sent,,emailll.txt
2026-08-17T10:35:32+00:00,Axpert Vision,info@axpertvision.com,sent,,emailll_ai.txt
2026-08-17T11:37:05+00:00,i2c,careers@i2cinc.com,sent,,emailll.txt
2026-08-17T11:37:44+00:00,Finja,info@finja.pk,sent,,emailll.txt
2026-08-17T11:39:06+00:00,Techverx,info@techverx.com,sent,,emailll_ai.txt
2026-08-17T11:41:00+00:00,Teknobuilt,info@teknobuilt.com,sent,,emailll_go.txt
2026-08-17T12:07:57+00:00,DevRims,info@devrims.com,sent,,emailll.txt
2026-08-17T12:18:34+00:00,Easypaisa,info@easypaisa.com.pk,sent,,emailll.txt
2026-08-17T12:21:05+00:00,GoLootlo,info@golootlo.pk,sent,,emailll.txt
2026-08-17T12:22:57+00:00,iHorizons,hr@ihorizons.com,sent,,emailll_ai.txt
2026-08-17T12:24:06+00:00,Syft,info@syft.com,sent,,emailll.txt
2026-08-17T13:27:45+00:00,Powersoft19,jobs@powersoft19.com,sent,,emailll.txt
2026-08-17T13:29:42+00:00,Nium,careers@nium.com,sent,,emailll_ai.txt
2026-08-17T13:31:24+00:00,6sense,jobs@6sense.com,sent,,emailll_go.txt
2026-08-17T13:33:13+00:00,Dynatrace,careers@dynatrace.com,sent,,emailll.txt
2026-08-17T13:34:35+00:00,PointClickCare,recruitment@pointclickcare.com,sent,,emailll_ai.txt
2026-08-17T13:35:59+00:00,RELEX,careers@relexsolutions.com,sent,,emailll_go.txt
2026-08-17T13:37:34+00:00,Xeneta,talent@xeneta.com,sent,,emailll.txt
2026-08-17T14:26:24+00:00,HazenTech,careers@hazentech.com,sent,,emailll.txt
2026-08-17T14:27:52+00:00,LMKT,careers@lmkt.com,sent,,emailll_ai.txt
2026-08-17T14:29:21+00:00,Netsmartz,careers@netsmartz.com,sent,,emailll_go.txt
2026-08-17T14:31:03+00:00,Softsquare,info@softsquare.biz,sent,,emailll.txt
2026-08-17T14:32:54+00:00,Speridian Technologies,careers@speridian.com,sent,,emailll_ai.txt
2026-08-17T14:34:21+00:00,Synergy-IT,hello@synergy-it.com,sent,,emailll_go.txt
2026-08-17T14:35:41+00:00,MoneyLion Malaysia,careers@moneylion.com,sent,,emailll.txt
2026-08-17T14:37:22+00:00,Octopus Energy,hello@octopus.energy,sent,,emailll_ai.txt
2026-08-17T14:38:57+00:00,Speechmatics,hello@speechmatics.com,sent,,emailll_go.txt
2026-08-17T14:40:50+00:00,TomTom,careers@tomtom.com,sent,,emailll.txt
2026-08-17T16:53:18+00:00,Notion,careers@makenotion.com,sent,,emailll.txt
2026-08-17T19:16:46+00:00,Focusteck,services@focusteck.com,sent,,emailll.txt
2026-08-17T19:18:34+00:00,TekRevol,info@tekrevol.com,sent,,emailll_ai.txt
2026-08-18T05:05:00+00:00,Systechlogic,info@systechlogic.com,sent,,emailll.txt
2026-08-18T05:10:52+00:00,7C Tech,info@7ctech.com,sent,,emailll.txt
2026-08-18T05:31:50+00:00,Avaib,careers@avaib.com,sent,,emailll.txt
2026-08-18T05:33:13+00:00,Beyond Vision,info@beyondvision.net,sent,,emailll_ai.txt
2026-08-18T05:34:57+00:00,Bizsoft,info@bizsoft.pk,sent,,emailll_go.txt
2026-08-18T05:35:20+00:00,Ephlux,talent@ephlux.com,sent,,emailll.txt
2026-08-18T05:41:48+00:00,Webtech Solutions,info@webtechsolution.com.pk,sent,,emailll.txt
2026-08-18T05:43:28+00:00,Softvira,careers@softvira.com,sent,,emailll_ai.txt
2026-08-18T06:11:41+00:00,Codeupscale,hello@codeupscale.com,sent,,emailll.txt
2026-08-18T06:13:39+00:00,Character.AI,recruiting@character.ai,sent,,emailll_ai.txt
2026-08-18T06:24:24+00:00,ObjectStyle,jobs@objectstyle.com,sent,,emailll.txt
2026-08-18T06:26:06+00:00,Teckfinity,recruitment@teckfinity.com,sent,,emailll_ai.txt
2026-08-18T06:27:53+00:00,Vibe Bio,jobs@vibebio.com,sent,,emailll_go.txt
2026-08-18T06:31:38+00:00,Mimestream,jobs@mimestream.com,sent,,emailll.txt
2026-08-18T06:53:27+00:00,TimeToReply,careers@timetoreply.com,sent,,emailll.txt
2026-08-18T07:47:58+00:00,Kcompute,info@kcompute.com,sent,,emailll.txt
2026-08-18T07:49:40+00:00,Media Feathers,info@mediafeathers.com,sent,,emailll_ai.txt
2026-08-18T07:51:10+00:00,SUF Digital,hello@sufdigital.com,sent,,emailll_go.txt
2026-08-18T08:15:14+00:00,SEO Digix,contact@seodigix.com,sent,,emailll.txt
2026-08-18T09:52:37+00:00,BrainX Technologies,services@brainxtech.com,sent,,emailll.txt
2026-08-18T09:54:06+00:00,Codup,hello@codup.co,sent,,emailll_ai.txt
2026-08-18T09:55:36+00:00,Loop Technologies,info@looptechnologies.com,sent,,emailll_go.txt
2026-08-18T09:57:16+00:00,SEO Next Level,contact@seonextlevel.com,sent,,emailll.txt
2026-08-18T10:55:37+00:00,Carpe Diem Team,hr@carpediem.team,sent,,emailll.txt
2026-08-18T10:57:17+00:00,DaroSoft,info@darosoft.com,sent,,emailll_ai.txt
2026-08-18T10:58:55+00:00,Developers Thrill,info@developersthrill.org,sent,,emailll_go.txt
2026-08-18T11:00:50+00:00,Ocean Software Digital,info@ocean-software.com,sent,,emailll.txt
2026-08-18T11:08:40+00:00,Team Momentum,hr@teamomentum.com,sent,,emailll.txt
2026-08-18T12:32:54+00:00,Tsenta,founders@tsenta.com,sent,,emailll_proof.txt
2026-08-18T12:34:43+00:00,Vexere,careers@vexere.com,sent,,emailll_agent.txt
2026-08-18T12:41:00+00:00,Encore,hello@encore.dev,sent,,emailll_proof.txt
2026-08-18T12:43:56+00:00,Hygraph,info@hygraph.com,sent,,emailll_proof.txt
2026-08-18T13:56:38+00:00,Sudowrite,fullstack-job@sudowrite.com,sent,,emailll_proof.txt
2026-08-18T14:05:13+00:00,Fueled,jobs@fueled.com,sent,,emailll_proof.txt
2026-08-18T14:06:32+00:00,Maven Clinic,careers@mavenclinic.com,sent,,emailll_agent.txt
2026-08-18T14:08:16+00:00,Vendure,contact@vendure.io,sent,,emailll_backend.txt
2026-08-18T14:21:46+00:00,Gladia,contact@gladia.io,sent,,emailll_proof.txt
2026-08-18T14:23:44+00:00,Recraft,careers@recraft.ai,sent,,emailll_agent.txt
2026-08-18T14:25:26+00:00,SoftwareMill,hello@softwaremill.com,sent,,emailll_backend.txt
2026-08-18T14:27:23+00:00,Tella,hello@tella.com,sent,,emailll_proof.txt
2026-08-18T14:29:00+00:00,The Software House,hello@tsh.io,sent,,emailll_agent.txt
2026-08-18T14:29:31+00:00,STX Next,sebastian.resz@stxnext.com,sent,,emailll_proof.txt
2026-08-18T15:02:16+00:00,Ably,hello@ably.com,sent,,emailll_proof.txt
2026-08-18T15:03:41+00:00,Innowise,contact@innowise.com,sent,,emailll_agent.txt
2026-08-18T15:05:28+00:00,Intexsoft,contact@intexsoft.com,sent,,emailll_backend.txt
2026-08-18T15:07:17+00:00,Kaspr,contact@kaspr.io,sent,,emailll_proof.txt
2026-08-18T15:08:51+00:00,Reaktor,info@reaktor.com,sent,,emailll_agent.txt
2026-08-18T15:28:44+00:00,Applifting,hello@applifting.io,sent,,emailll_proof.txt
2026-08-18T15:30:23+00:00,Arounda,info@arounda.agency,sent,,emailll_agent.txt
2026-08-18T15:32:21+00:00,Cheesecake Labs,info@cheesecakelabs.com,sent,,emailll_backend.txt
2026-08-18T15:34:07+00:00,Codica,job@codica.com,sent,,emailll_proof.txt
2026-08-18T15:35:43+00:00,Inoxoft,contact@inoxoft.com,sent,,emailll_agent.txt
2026-08-18T15:37:16+00:00,Phrase,info@phrase.com,sent,,emailll_backend.txt
2026-08-18T15:39:14+00:00,STRV,hello@strv.com,sent,,emailll_proof.txt
2026-08-18T15:46:31+00:00,Firebear,info@firebearstudio.com,sent,,emailll_proof.txt
2026-08-18T15:48:10+00:00,First Line Software,hello@firstlinesoftware.com,sent,,emailll_agent.txt
2026-08-18T15:49:33+00:00,Scandiweb,info@scandiweb.com,sent,,emailll_backend.txt
2026-08-18T15:50:57+00:00,Uptech,talents@uptech.team,sent,,emailll_proof.txt
2026-08-18T15:52:40+00:00,Zitadel,maximilian.panne@zitadel.com,sent,,emailll_agent.txt
2026-08-18T15:58:55+00:00,COBE,hello@cobeisfresh.com,sent,,emailll_proof.txt
2026-08-18T16:00:18+00:00,Q agency,hello@q.agency,sent,,emailll_frontend.txt
2026-08-18T16:01:50+00:00,Quantox,info@quantox.com,sent,,emailll_agent.txt
2026-08-18T16:03:46+00:00,Redocly,team@redocly.com,sent,,emailll_backend.txt
2026-08-18T16:37:01+00:00,Arytech,careers@arytech.com,sent,,emailll_agent.txt
2026-08-18T17:09:45+00:00,7Vals,info@7vals.com,sent,,emailll_proof.txt
2026-08-18T17:11:27+00:00,Atrule,hello@atrule.com,sent,,emailll_frontend.txt
2026-08-18T17:13:08+00:00,Homeshopping,info@homeshopping.pk,sent,,emailll_agent.txt
2026-08-18T17:19:10+00:00,AALogics,hr@aalogics.com,sent,,emailll_proof.txt
2026-08-19T09:55:53+00:00,abark,hr@abark.pk,sent,,emailll_proof.txt
2026-08-19T09:57:54+00:00,bkstack,hr@bkstack.com,sent,,emailll_frontend.txt
2026-08-19T09:58:22+00:00,bnu,career@bnu.edu.pk,sent,,emailll_proof.txt
2026-08-19T10:00:12+00:00,Devsort,hr@devsort.net,sent,,emailll_proof.txt
2026-08-19T10:02:18+00:00,euphoriaxr,career@euphoriaxr.com,sent,,emailll_proof.txt
2026-08-19T10:03:39+00:00,glixentech,hr@glixentech.com,sent,,emailll_proof.txt
2026-08-19T10:05:33+00:00,nxb,kainat.ali@nxb.com.pk,sent,,emailll_proof.txt
2026-08-19T10:07:21+00:00,ortakconsultants,careers@ortakconsultants.com,sent,,emailll_proof.txt
2026-08-19T10:09:01+00:00,ozipub,careers@ozipub.io,sent,,emailll_proof.txt
2026-08-19T10:10:57+00:00,pinnacloid,ayesha.shahzad@pinnacloid.com,sent,,emailll_proof.txt
2026-08-19T10:12:52+00:00,Rendream,careers@rendream.work,sent,,emailll_proof.txt
2026-08-19T10:14:47+00:00,smth,hr@smth.pk,sent,,emailll_proof.txt
2026-08-19T10:16:28+00:00,staffasia,career@staffasia.org,sent,,emailll_proof.txt
2026-08-19T10:18:15+00:00,sysvoy,hr@sysvoy.com,sent,,emailll_proof.txt
2026-08-19T10:20:00+00:00,tekhqs,asma.noor@tekhqs.com,sent,,emailll_proof.txt
2026-08-19T10:21:35+00:00,xevensolutions,hr@xevensolutions.com,sent,,emailll_proof.txt
2026-08-19T10:37:32+00:00,BioNTech,careers@biontech.de,sent,,emailll_proof.txt
2026-08-19T10:39:19+00:00,Deutsche Telekom,jobs@telekom.de,sent,,emailll_frontend.txt
2026-08-19T10:40:59+00:00,DHL,jobs@dhl.com,sent,,emailll_agent.txt
2026-08-19T10:42:46+00:00,Gerresheimer,careers@gerresheimer.com,sent,,emailll_backend.txt
2026-08-19T10:44:11+00:00,Infineon,careers@infineon.com,sent,,emailll_proof.txt
2026-08-19T10:45:58+00:00,Merck,recruiting@merckgroup.com,sent,,emailll_frontend.txt
2026-08-19T10:47:40+00:00,Puma Energy,careers@pumaenergy.com,sent,,emailll_agent.txt
2026-08-19T14:23:32+00:00,Tech Domain,noor.amjad@techdomain.com.au,sent,,emailll_proof.txt
2026-08-19T14:30:18+00:00,Octopus by RTG,robusta@jobs.workablemail.com,sent,,emailll_frontend.txt
2026-08-19T14:46:20+00:00,Hampton North,aimee.clemson@hamptonnorth.com,sent,,emailll_frontend.txt
2026-08-19T14:49:13+00:00,ImagineArt,muzzamil.shahzad@imagine.art,sent,,emailll_frontend.txt
2026-08-19T14:51:36+00:00,Remotebase,usama.bilal@remotebase.com,sent,,emailll_frontend.txt
2026-08-19T14:52:30+00:00,Remotebase,usama.bilal@remotebase.com,sent,,emailll_agent.txt
2026-08-19T14:55:31+00:00,Trukkr,hr@trukkr.pk,sent,,emailll_frontend.txt
2026-08-19T14:56:06+00:00,SafeTech International,info@safetech.com.pk,sent,,emailll_frontend.txt
2026-08-19T14:56:59+00:00,SafeTech International,info@safetech.com.pk,sent,,emailll_backend.txt
2026-08-19T15:00:57+00:00,Intelligenes,rohma.akram@intelligenes.net,sent,,emailll_frontend.txt
2026-08-19T15:01:57+00:00,TechX Pakistan,anumkhanhr@gmail.com,sent,,emailll_frontend.txt
2026-08-19T15:03:01+00:00,Metavative,hr@metavative.com,sent,,emailll_backend.txt
2026-08-19T15:03:32+00:00,Design District,sharlakhan.designdistrict@gmail.com,sent,,emailll_backend.txt
2026-08-19T15:04:36+00:00,Design District,careers@designdistrict.digital,sent,,emailll_backend.txt
2026-08-19T15:07:34+00:00,Hul Hub,careers@hulhub.com,sent,,emailll_frontend.txt
2026-08-19T15:08:27+00:00,Plutus21 Partners,hr@plutus21.com,sent,,emailll_frontend.txt
2026-08-19T15:09:20+00:00,Webnet Pakistan,hr@webnet.com.pk,sent,,emailll_backend.txt
2026-08-19T15:10:13+00:00,Idenfo,info@idenfo.com,sent,,emailll_backend.txt
2026-08-19T15:10:53+00:00,Kaynat,ss.kaynat@hotmail.com,sent,,emailll_frontend.txt
2026-08-19T15:11:54+00:00,Techlogix,sameen.pervaiz@techlogix.com,sent,,emailll_frontend.txt
2026-08-19T15:44:09+00:00,CloudX,join@cloudx.com,sent,,emailll_proof.txt
2026-08-19T15:45:35+00:00,Confiant,contact@confiant.com,sent,,emailll_frontend.txt
2026-08-19T15:47:22+00:00,Darwoft,cristian.bullokles@darwoft.com,sent,,emailll_agent.txt
2026-08-19T15:48:53+00:00,Form Health,careers@formhealth.co,sent,,emailll_backend.txt
2026-08-19T15:50:51+00:00,Forte Group,contact@fortegrp.com,sent,,emailll_proof.txt
2026-08-19T15:52:10+00:00,Foxglove,contact@foxglove-partner.com,sent,,emailll_frontend.txt
2026-08-19T15:53:29+00:00,Garner Health,talent@getgarner.com,sent,,emailll_agent.txt
2026-08-19T15:55:26+00:00,ioet,info@ioet.com,sent,,emailll_backend.txt
2026-08-19T15:56:53+00:00,JustPaid,careers@justpaid.ai,sent,,emailll_proof.txt
2026-08-19T15:58:33+00:00,LifeMD,info@lifemd.com,sent,,emailll_frontend.txt
2026-08-19T16:00:00+00:00,Logic Joe,hello@logic-joe.com,sent,,emailll_agent.txt
2026-08-19T16:01:47+00:00,Mindera,jobs@mindera.com,sent,,emailll_backend.txt
2026-08-19T16:03:19+00:00,Monterail,hello@monterail.com,sent,,emailll_proof.txt
2026-08-19T16:05:06+00:00,Nabu Casa,hello@nabucasa.com,sent,,emailll_frontend.txt
2026-08-19T16:06:33+00:00,Nextcloud,jobs@nextcloud.com,sent,,emailll_agent.txt
2026-08-19T16:08:07+00:00,Nexters,info@nexters.com,sent,,emailll_backend.txt
2026-08-19T16:09:59+00:00,Ontra,info@ontra.ai,sent,,emailll_proof.txt
2026-08-19T16:11:53+00:00,Osome,hi@osome.com,sent,,emailll_frontend.txt
2026-08-19T16:13:20+00:00,OX Security,contact@ox.security,sent,,emailll_agent.txt
2026-08-19T16:15:03+00:00,Praktika,info@praktika.de,sent,,emailll_backend.txt
2026-08-19T16:16:55+00:00,reeeliance,info@reeeliance.com,sent,,emailll_proof.txt
2026-08-19T16:18:38+00:00,Social Discovery Group,hr@sdgroup.ai,sent,,emailll_frontend.txt
2026-08-19T16:20:16+00:00,Spectarium,contact@spectarium.games,sent,,emailll_agent.txt
2026-08-19T16:21:40+00:00,Stedi,info@stedi.org,sent,,emailll_backend.txt
2026-08-19T16:23:32+00:00,Storyblok,talent.acquisition@storyblok.com,sent,,emailll_proof.txt
2026-08-19T16:24:58+00:00,SynMax,careers@synmax.com,sent,,emailll_frontend.txt
2026-08-19T16:26:17+00:00,Sysdig,talent@sysdig.com,sent,,emailll_agent.txt
2026-08-19T16:27:40+00:00,Tines,hello@tines.com,sent,,emailll_backend.txt
2026-08-19T16:29:12+00:00,UpDoc,careers@updoc.ai,sent,,emailll_proof.txt
2026-08-19T16:31:08+00:00,Wingify,careers@wingify.com,sent,,emailll_frontend.txt
2026-08-19T18:34:54+00:00,Techlogix,hr@techlogix.com,sent,,emailll_frontend.txt
2026-08-19T18:35:51+00:00,Technosys,hr@technosysint.com,sent,,emailll_frontend.txt
2026-08-19T18:37:51+00:00,MarsBased,hola@marsbased.com,sent,,emailll_frontend.txt
2026-08-19T18:38:47+00:00,Revolgy,ask@revolgy.com,sent,,emailll_frontend.txt
2026-08-19T18:39:40+00:00,Addepar,ta-operations@addepar.com,sent,,emailll_frontend.txt
2026-08-19T18:40:34+00:00,Sticker Mule,mgmt@stickermule.com,sent,,emailll_frontend.txt
2026-08-19T19:38:34+00:00,Testlio,opportunities@testlio.com,sent,,emailll_proof.txt
2026-08-19T20:34:55+00:00,Solace,recruiting@solace.health,sent,,emailll_proof.txt
2026-08-20T14:33:21+00:00,eOcean,anum.khan@eocean.net,sent,,emailll_proof.txt
2026-08-20T14:35:14+00:00,Narsun Studios,info@narsunstudios.com,sent,,emailll_frontend.txt
2026-08-20T14:36:36+00:00,Vizteck,info@vizteck.com,sent,,emailll_agent.txt
2026-08-20T14:38:13+00:00,BSS Commerce,middle.east@bsscommerce.com,sent,,emailll_backend.txt
2026-08-20T14:39:37+00:00,Earlybird,info@earlybird.com,sent,,emailll_proof.txt
2026-08-20T14:40:57+00:00,MDPI,hr.singapore@mdpi.com,sent,,emailll_frontend.txt
2026-08-20T14:42:43+00:00,Point Nine,info@pointnine.com,sent,,emailll_agent.txt
2026-08-20T14:43:08+00:00,Din Industries,hrdpl@dinindustries.com,sent,,emailll_proof.txt
2026-08-20T14:44:59+00:00,Game District,hassanmahmood@gamedistrict.co,sent,,emailll_frontend.txt
2026-08-20T14:46:33+00:00,SolutionInn,mahrukh@solutioninn.com,sent,,emailll_agent.txt
2026-08-20T14:48:30+00:00,Suzuki Canal,sohail@suzukicanal.com.pk,sent,,emailll_backend.txt
2026-08-20T14:50:13+00:00,1Password,nextbit@agilebits.com,sent,,emailll_proof.txt
2026-08-20T14:50:40+00:00,Outline,hello@getoutline.com,sent,,emailll_proof.txt
2026-08-20T14:52:05+00:00,TransferGo,hello@transfergo.com,sent,,emailll_frontend.txt
2026-08-20T14:53:32+00:00,Tuta,jobs@tutao.de,sent,,emailll_agent.txt
2026-08-20T14:57:51+00:00,Agora,careers@agora.io,sent,,emailll_proof.txt
2026-08-20T14:59:16+00:00,Alchemer,hr@alchemer.com,sent,,emailll_frontend.txt
2026-08-20T15:00:37+00:00,Alexanderbebout,hr@alexanderbebout.com,sent,,emailll_agent.txt
2026-08-20T15:02:16+00:00,Alphabold,hr@alphabold.com,sent,,emailll_backend.txt
2026-08-20T15:03:51+00:00,Appen,jobs@appen.com,sent,,emailll_proof.txt
2026-08-20T15:05:31+00:00,Barq,careers@barq.com,sent,,emailll_frontend.txt
2026-08-20T15:06:56+00:00,Bestseller,peopleuk@bestseller.com,sent,,emailll_agent.txt
2026-08-20T15:08:32+00:00,Blackthorn Vision,jobs@blackthorn-vision.com,sent,,emailll_backend.txt
2026-08-20T15:10:05+00:00,Cdbaby,careers@cdbaby.com,sent,,emailll_proof.txt
2026-08-20T15:11:55+00:00,Cognism,jobs@cognism.com,sent,,emailll_frontend.txt
2026-08-20T15:13:15+00:00,Cognitoforms,hr@cognitoforms.com,sent,,emailll_agent.txt
2026-08-20T15:15:08+00:00,Criteriacorp,jobs@criteriacorp.com,sent,,emailll_backend.txt
2026-08-20T15:16:37+00:00,Deewan,careers@deewan.sa,sent,,emailll_proof.txt
2026-08-20T15:17:59+00:00,Devbunch,careers@devbunch.com,sent,,emailll_frontend.txt
2026-08-20T15:19:30+00:00,Five9,careers@five9.com,sent,,emailll_agent.txt
2026-08-20T15:21:16+00:00,Getresponse,hr@getresponse.com,sent,,emailll_backend.txt
2026-08-20T15:23:10+00:00,Gonitro,people@gonitro.com,sent,,emailll_proof.txt
2026-08-20T15:24:43+00:00,Netdocuments,hrgroup@netdocuments.com,sent,,emailll_frontend.txt
2026-08-20T15:26:13+00:00,Pymetrics,hr@pymetrics.com,sent,,emailll_agent.txt
2026-08-20T15:28:05+00:00,Royalcyber,careers@royalcyber.com,sent,,emailll_backend.txt
2026-08-20T15:29:29+00:00,Security,hr@security.ky,sent,,emailll_proof.txt
2026-08-20T15:30:58+00:00,Skipcash,careers@skipcash.com,sent,,emailll_frontend.txt
2026-08-20T15:32:33+00:00,Socialpilot,hr@socialpilot.co,sent,,emailll_agent.txt
2026-08-20T15:34:31+00:00,Stormboard,careers@stormboard.com,sent,,emailll_backend.txt
2026-08-20T15:36:29+00:00,Thiqah,careers@thiqah.sa,sent,,emailll_proof.txt
2026-08-20T15:38:28+00:00,Tyro,careers@tyro.com,sent,,emailll_frontend.txt
2026-08-20T15:40:09+00:00,Whispir,hr@whispir.com,sent,,emailll_agent.txt
2026-08-20T15:41:13+00:00,Cerebras,info@cerebras.ai,sent,,emailll_proof.txt
2026-08-20T15:42:13+00:00,Genetech Solutions,info@genetechsolutions.com,sent,,emailll_proof.txt
2026-08-20T15:43:52+00:00,Inbox,arabia@inboxbiz.com,sent,,emailll_frontend.txt
2026-08-20T15:45:42+00:00,Mindstorm Studios,hello@mindstormstudios.com,sent,,emailll_agent.txt
2026-08-20T15:47:01+00:00,TPS Worldwide,info@tpsworldwide.com,sent,,emailll_backend.txt
2026-08-20T15:48:46+00:00,Sleek,adrien@sleek.com,sent,,emailll_proof.txt
2026-08-20T15:50:21+00:00,Altamira,hello@altamira.ai,sent,,emailll_frontend.txt
2026-08-20T15:51:57+00:00,Gofore,info@gofore.com,sent,,emailll_agent.txt
2026-08-20T15:53:52+00:00,GoodCore,contact@goodcore.co.uk,sent,,emailll_backend.txt
2026-08-20T15:55:25+00:00,Innowi,info@innowi.com,sent,,emailll_proof.txt
2026-08-20T15:57:06+00:00,NCube,contact@ncube.com,sent,,emailll_frontend.txt
2026-08-20T15:58:47+00:00,Ovyo,hello@ovyo.com,sent,,emailll_agent.txt
2026-08-20T16:00:15+00:00,Pixelated Tech,info@pixelatedtech.com,sent,,emailll_backend.txt
2026-08-20T18:23:57+00:00,KamelPay,careers@kamelpay.com,sent,,emailll_frontend.txt
2026-08-20T18:24:46+00:00,KamelPay,careers@kamelpay.com,sent,,emailll_agent.txt
2026-08-21T05:33:40+00:00,Product Fruits,info@productfruits.com,sent,,emailll_proof.txt
2026-08-21T05:34:36+00:00,Siili,anna.eskelinen@siili.com,sent,,emailll_frontend.txt
2026-08-21T05:35:37+00:00,Workwize,hello@goworkwize.com,sent,,emailll_agent.txt
2026-08-21T05:42:43+00:00,Datics,hr@datics.ai,sent,,emailll_proof.txt
2026-08-21T05:43:43+00:00,Cision,hr.support@cision.com,sent,,emailll_frontend.txt
2026-08-21T05:44:47+00:00,GoDaddy,hr@godaddy.com,sent,,emailll_agent.txt
2026-08-21T05:45:37+00:00,iCIMS,careers@icims.com,sent,,emailll_backend.txt
2026-08-21T05:52:21+00:00,ShiwanTek,hr@shiwantek.com,sent,,emailll_frontend.txt
2026-08-21T05:53:05+00:00,HR Disruptive,talent@hrdisruptive.com,sent,,emailll_frontend.txt
2026-08-21T06:02:26+00:00,DevBatch,hiring@devbatch.com,sent,,emailll_proof.txt
2026-08-21T06:03:17+00:00,Cybernet,info@cyber.net.pk,sent,,emailll_frontend.txt
2026-08-21T06:04:04+00:00,MCB Bank,info@mcb.com.pk,sent,,emailll_agent.txt
2026-08-21T06:04:56+00:00,Dawaai,careers@dawaai.pk,sent,,emailll_backend.txt
2026-08-21T06:05:44+00:00,Allied Bank,group.chief.hr@abl.com.pk,sent,,emailll_proof.txt
2026-08-21T06:06:31+00:00,Shophive,jobs@shophive.com,sent,,emailll_frontend.txt
2026-08-21T06:07:20+00:00,Bookme,contact@bookme.pk,sent,,emailll_agent.txt
2026-08-21T06:08:08+00:00,Alaan,careers@alaanpay.com,sent,,emailll_backend.txt
2026-08-21T06:08:59+00:00,Funding Societies,info@fundingsocieties.com,sent,,emailll_proof.txt
2026-08-21T11:01:21+00:00,Zipline,careers@flyzipline.com,sent,,emailll_frontend.txt
2026-08-21T11:03:47+00:00,Tabby,careers@tabby.ai,sent,,emailll_frontend.txt
2026-08-21T11:04:30+00:00,Tide,hello@tide.co,sent,,emailll_frontend.txt
2026-08-21T11:05:18+00:00,Moneyfarm,hello@moneyfarm.com,sent,,emailll_frontend.txt
2026-08-21T11:06:03+00:00,OutSystems,careers@outsystems.com,sent,,emailll_frontend.txt
2026-08-21T11:06:46+00:00,Remote,hiring@remote.com,sent,,emailll_frontend.txt
2026-08-21T11:07:29+00:00,Teamwork,jobs@teamwork.com,sent,,emailll_frontend.txt
2026-08-21T11:08:15+00:00,Conio,jobs@conio.com,sent,,emailll_frontend.txt
2026-08-21T11:08:58+00:00,Pleo,info@pleo.io,sent,,emailll_backend.txt
2026-08-21T11:09:40+00:00,Geidea,careers@geidea.net,sent,,emailll_backend.txt
2026-08-21T11:10:22+00:00,Lean Technologies,careers@leantech.me,sent,,emailll_backend.txt
2026-08-21T11:11:04+00:00,Ninja Van,careers@ninjavan.co,sent,,emailll_frontend.txt
2026-08-21T11:11:47+00:00,GXBank,careers@gxbank.my,sent,,emailll_frontend.txt
2026-08-21T11:18:02+00:00,Wise,careers@wise.com,sent,,emailll_frontend.txt
2026-08-21T11:18:44+00:00,Stripe,careers@stripe.com,sent,,emailll_frontend.txt
2026-08-21T11:19:29+00:00,Shopify,careers@shopify.com,sent,,emailll_frontend.txt
2026-08-21T11:20:15+00:00,Intercom,careers@intercom.com,sent,,emailll_frontend.txt
2026-08-21T11:21:00+00:00,Linear,careers@linear.app,sent,,emailll_frontend.txt
2026-08-21T11:21:43+00:00,Vercel,careers@vercel.com,sent,,emailll_frontend.txt
2026-08-21T11:22:27+00:00,PostHog,careers@posthog.com,sent,,emailll_frontend.txt
2026-08-21T11:23:12+00:00,Loom,careers@loom.com,sent,,emailll_frontend.txt
2026-08-21T11:23:58+00:00,Canva,careers@canva.com,sent,,emailll_frontend.txt
2026-08-21T11:24:44+00:00,Atlassian,careers@atlassian.com,sent,,emailll_frontend.txt
2026-08-21T11:25:27+00:00,Datadog,careers@datadoghq.com,sent,,emailll_frontend.txt
2026-08-21T11:26:11+00:00,Cloudflare,careers@cloudflare.com,sent,,emailll_frontend.txt
2026-08-21T11:26:56+00:00,HashiCorp,careers@hashicorp.com,sent,,emailll_frontend.txt
2026-08-21T11:27:39+00:00,GitLab,careers@gitlab.com,sent,,emailll_frontend.txt
2026-08-21T11:28:24+00:00,DigitalOcean,careers@digitalocean.com,sent,,emailll_frontend.txt
2026-08-21T11:29:07+00:00,Twilio,careers@twilio.com,sent,,emailll_frontend.txt
2026-08-21T11:29:53+00:00,SendGrid,careers@sendgrid.com,sent,,emailll_frontend.txt
2026-08-21T11:30:36+00:00,Zapier,careers@zapier.com,sent,,emailll_frontend.txt
2026-08-22T08:51:47+00:00,Enum Digital,hr@enumdigital.com,sent,,emailll_frontend.txt
2026-08-22T08:52:28+00:00,Plane,careers@plane.so,sent,,emailll_frontend.txt
2026-08-22T08:53:10+00:00,Raycast,jobs@raycast.com,sent,,emailll_frontend.txt
2026-08-22T08:53:52+00:00,LiveKit,recruiting@livekit.io,sent,,emailll_agent.txt
2026-08-22T08:54:35+00:00,Tooljet,hello@tooljet.com,sent,,emailll_frontend.txt
2026-08-22T08:55:16+00:00,Weaviate,hello@weaviate.io,sent,,emailll_agent.txt
2026-08-22T08:55:58+00:00,Leapsome,talent@leapsome.com,sent,,emailll_frontend.txt
2026-08-22T08:56:40+00:00,Tally,hello@tally.so,sent,,emailll_frontend.txt
2026-08-22T08:57:23+00:00,Standard Notes,jobs@standardnotes.com,sent,,emailll_frontend.txt
2026-08-22T08:58:04+00:00,Close,talent@close.com,sent,,emailll_frontend.txt
2026-08-22T08:58:48+00:00,Upstash,careers@upstash.com,sent,,emailll_agent.txt
2026-08-22T08:59:31+00:00,Polar,hello@polar.sh,sent,,emailll_frontend.txt
2026-08-22T09:00:14+00:00,Knock,careers@knock.app,sent,,emailll_agent.txt
2026-08-22T09:00:56+00:00,Svix,careers@svix.com,sent,,emailll_agent.txt
2026-08-22T09:01:38+00:00,Xata,careers@xata.io,sent,,emailll_backend.txt
2026-08-22T09:30:03+00:00,Jahez,info@jahez.net ,sent,,emailll_backend.txt
2026-08-22T09:30:42+00:00,Instant,info@eradomains.com,sent,,emailll_proof.txt
2026-08-22T09:31:20+00:00,Mux,careers@mux.com,sent,,emailll_proof.txt
2026-08-22T09:32:00+00:00,Hatchet,contact@hatchet.run,sent,,emailll_proof.txt
2026-08-22T09:32:38+00:00,Typesense,contact@typesense.org,sent,,emailll_frontend.txt
2026-08-22T09:35:37+00:00,Lemon Squeezy,hello@lemonsqueezy.com,sent,,emailll_frontend.txt
2026-08-22T09:36:13+00:00,Amie,hello@amie.so,sent,,emailll_frontend.txt
2026-08-22T09:36:50+00:00,Dastgyr,info@dastgyr.com,sent,,emailll_frontend.txt
2026-08-22T09:59:06+00:00,Startup,jobs@aircall.io,sent,,emailll_frontend.txt
2026-08-22T09:59:37+00:00,Startup,hr@aircall.io,sent,,emailll_frontend.txt
2026-08-22T10:00:07+00:00,Startup,hello@aircall.io,sent,,emailll_frontend.txt
2026-08-22T10:00:37+00:00,Startup,contact@aircall.io,sent,,emailll_frontend.txt
2026-08-22T10:01:07+00:00,Startup,jobs@alan.com,sent,,emailll_frontend.txt
2026-08-22T10:01:36+00:00,Startup,people@alan.com,sent,,emailll_frontend.txt
2026-08-22T10:02:07+00:00,Startup,contact@alan.com,sent,,emailll_frontend.txt
2026-08-22T10:02:36+00:00,Startup,hr@aleph-alpha.com,sent,,emailll_frontend.txt
2026-08-22T10:03:06+00:00,Startup,jobs@algolia.com,sent,,emailll_frontend.txt
2026-08-22T10:03:36+00:00,Startup,people@algolia.com,sent,,emailll_frontend.txt
2026-08-22T10:04:08+00:00,Startup,hr@algolia.com,sent,,emailll_frontend.txt
2026-08-22T10:04:38+00:00,Startup,hello@algolia.com,sent,,emailll_frontend.txt
2026-08-22T10:05:08+00:00,Startup,contact@algolia.com,sent,,emailll_frontend.txt
2026-08-22T10:05:40+00:00,Startup,hello@backmarket.com,sent,,emailll_frontend.txt
2026-08-22T10:06:11+00:00,Startup,contact@blablacar.com,sent,,emailll_frontend.txt
2026-08-22T10:06:42+00:00,Startup,hr@bunq.com,sent,,emailll_frontend.txt
2026-08-22T10:07:13+00:00,Startup,contact@cabify.com,sent,,emailll_frontend.txt
2026-08-22T10:07:43+00:00,Startup,people@meetcleo.com,sent,,emailll_frontend.txt
2026-08-22T10:08:13+00:00,Startup,jobs@dashlane.com,sent,,emailll_frontend.txt
2026-08-22T10:08:43+00:00,Startup,hiring@dashlane.com,sent,,emailll_frontend.txt
2026-08-22T10:09:14+00:00,Startup,contact@dashlane.com,sent,,emailll_frontend.txt
2026-08-22T10:09:45+00:00,Startup,hello@doctolib.com,sent,,emailll_frontend.txt
2026-08-22T10:10:16+00:00,Startup,contact@doctolib.com,sent,,emailll_frontend.txt
2026-08-22T10:10:46+00:00,Startup,contact@doctrine.fr,sent,,emailll_frontend.txt
2026-08-22T10:11:17+00:00,Startup,hr@dubizzle.com,sent,,emailll_frontend.txt
2026-08-22T10:11:47+00:00,Startup,hello@devathon.com,sent,,emailll_frontend.txt
2026-08-22T10:12:17+00:00,Startup,info@qib.com.qa,sent,,emailll_frontend.txt
2026-08-22T10:28:48+00:00,Censys,careers@censys.io,sent,,emailll_agent.txt
2026-08-22T10:29:38+00:00,Cu,systemhr.recruiting@cu.edu,sent,,emailll_frontend.txt
2026-08-22T10:30:27+00:00,Meister,careers@meisterlabs.com,sent,,emailll_frontend.txt
2026-08-22T10:31:16+00:00,TRM Labs,contact@trmlabs.com,sent,,emailll_agent.txt
2026-08-22T10:32:05+00:00,Tyfone,careers@tyfone.com,sent,,emailll_frontend.txt
2026-08-22T10:32:56+00:00,Validusgrp,hr@validusgrp.com,sent,,emailll_frontend.txt
2026-08-22T10:33:51+00:00,Velotio,careers@velotio.com,sent,,emailll_frontend.txt
2026-08-22T10:34:41+00:00,WebHR,info@webhr.co,sent,,emailll_frontend.txt
2026-08-22T10:35:30+00:00,Webnet,info@webnet.com.pk,sent,,emailll_frontend.txt
2026-08-22T10:45:21+00:00,Boubyan,info-boubyan@boubyan.com,sent,,emailll_frontend.txt
2026-08-22T10:45:58+00:00,Gmail,shreelakshmi76@gmail.com,sent,,emailll_frontend.txt
2026-08-22T10:47:03+00:00,Cyber,careers@cyber.net.pk,sent,,emailll_frontend.txt
2026-08-22T10:47:34+00:00,Priceoye,careers@priceoye.pk,sent,,emailll_frontend.txt
2026-08-22T10:48:06+00:00,Sastaticket,careers@sastaticket.pk,sent,,emailll_frontend.txt
2026-08-22T10:48:41+00:00,Trax,careers@trax.pk,sent,,emailll_frontend.txt
2026-08-22T10:49:14+00:00,Elevenlabs,careers@elevenlabs.io,sent,,emailll_agent.txt
2026-08-22T10:49:46+00:00,Priceoye,hr@priceoye.pk,sent,,emailll_frontend.txt
2026-08-22T10:50:19+00:00,Priceoye,people@priceoye.pk,sent,,emailll_frontend.txt
2026-08-22T10:50:53+00:00,Priceoye,talent@priceoye.pk,sent,,emailll_frontend.txt
2026-08-22T10:51:27+00:00,Priceoye,recruiting@priceoye.pk,sent,,emailll_frontend.txt
2026-08-22T10:52:00+00:00,Priceoye,jobs@priceoye.pk,sent,,emailll_frontend.txt
2026-08-22T10:52:34+00:00,Priceoye,hiring@priceoye.pk,sent,,emailll_frontend.txt
2026-08-22T10:53:09+00:00,Sastaticket,hr@sastaticket.pk,sent,,emailll_frontend.txt
2026-08-22T10:53:42+00:00,Sastaticket,people@sastaticket.pk,sent,,emailll_frontend.txt
2026-08-22T10:54:16+00:00,Sastaticket,talent@sastaticket.pk,sent,,emailll_frontend.txt
2026-08-22T10:54:53+00:00,Sastaticket,recruiting@sastaticket.pk,sent,,emailll_frontend.txt
2026-08-22T10:55:27+00:00,Sastaticket,jobs@sastaticket.pk,sent,,emailll_frontend.txt
2026-08-22T10:56:03+00:00,Sastaticket,hiring@sastaticket.pk,sent,,emailll_frontend.txt
2026-08-22T10:56:40+00:00,Elevenlabs,hr@elevenlabs.io,sent,,emailll_agent.txt
2026-08-22T10:57:40+00:00,The Xizam Company,info369skills@gmail.com,sent,,xizam_application
2026-08-22T12:13:45+00:00,Activecampaign,careers@activecampaign.com,sent,,emailll_proof.txt
2026-08-22T12:15:10+00:00,Beyond,careers@beyond.com,sent,,emailll_frontend.txt
2026-08-22T12:16:44+00:00,Brighte,careers@brighte.com.au,sent,,emailll_agent.txt
2026-08-22T12:18:05+00:00,Bugsnag,careers@bugsnag.com,sent,,emailll_backend.txt
2026-08-22T12:19:45+00:00,Entefy,careers@entefy.com,sent,,emailll_proof.txt
2026-08-22T12:21:11+00:00,Genesys,careers@genesys.com,sent,,emailll_frontend.txt
2026-08-22T12:22:29+00:00,Hashpotato,jobs@hashpotato.io,sent,,emailll_frontend.txt
2026-08-22T12:22:50+00:00,Geonetric,careers@geonetric.com,sent,,emailll_agent.txt
2026-08-22T12:22:52+00:00,BytesPak,hr@bytesplatform.com,sent,,emailll_frontend.txt
2026-08-22T12:23:07+00:00,UK Startup,ksanesh806@gmail.com,sent,,emailll_frontend.txt
2026-08-22T12:24:48+00:00,Grove,talent@grove.co,sent,,emailll_backend.txt
2026-08-22T12:26:32+00:00,Lightstep,careers@lightstep.com,sent,,emailll_proof.txt
2026-08-22T12:28:07+00:00,Magento,careers@magento.com,sent,,emailll_frontend.txt
2026-08-22T12:29:42+00:00,Mlabs,careers@mlabs.com.br,sent,,emailll_agent.txt
2026-08-22T12:31:14+00:00,Nearform,careers@nearform.com,sent,,emailll_backend.txt
2026-08-22T12:32:50+00:00,Nearmap,careers@nearmap.com,sent,,emailll_proof.txt
2026-08-22T12:34:35+00:00,Nexturn,careers@nexturn.com,sent,,emailll_frontend.txt
2026-08-22T12:36:11+00:00,One10,careers@one10.co,sent,,emailll_agent.txt
2026-08-22T12:37:32+00:00,Redis,careers@redis.com,sent,,emailll_backend.txt
2026-08-22T12:39:24+00:00,Seekout,careers@seekout.com,sent,,emailll_proof.txt
2026-08-22T12:41:04+00:00,Semble,careers@semble.io,sent,,emailll_frontend.txt
2026-08-22T12:42:30+00:00,Sinch,careers@sinch.com,sent,,emailll_agent.txt
2026-08-22T12:43:55+00:00,Smartbear,careers@smartbear.com,sent,,emailll_backend.txt
2026-08-22T12:45:49+00:00,Stackadapt,careers@stackadapt.com,sent,,emailll_proof.txt
2026-08-22T12:47:39+00:00,Starlingbank,careers@starlingbank.com,sent,,emailll_frontend.txt
2026-08-22T12:49:17+00:00,Stoplight,careers@stoplight.io,sent,,emailll_agent.txt
2026-08-22T12:51:15+00:00,Surveymonkey,careers@surveymonkey.com,sent,,emailll_backend.txt
2026-08-22T12:52:37+00:00,Swagger,careers@swagger.io,sent,,emailll_proof.txt
2026-08-22T12:54:17+00:00,Techavidus,hr@techavidus.com,sent,,emailll_frontend.txt
2026-08-22T12:55:46+00:00,Tradepending,careers@tradepending.com,sent,,emailll_agent.txt
2026-08-22T12:57:43+00:00,Valvesoftware,careers@valvesoftware.com,sent,,emailll_backend.txt
2026-08-22T12:59:17+00:00,Whippy,careers@whippy.ai,sent,,emailll_proof.txt
2026-08-22T13:00:38+00:00,Wufoo,careers@wufoo.com,sent,,emailll_frontend.txt
2026-08-22T13:00:51+00:00,Sofstica,hadiqa.shahid@sofstica.com,sent,cc:career@sofstica.com,emailll_agent.txt
2026-08-22T13:00:57+00:00,Stack Pinnacle,careers@stackpinnacle.com,sent,,emailll_proof.txt
2026-08-23T11:12:52+00:00,Carsales,careers@carsales.com.au,sent,,emailll_proof.txt
2026-08-23T11:14:43+00:00,MatchMove,careers@matchmove.com,sent,,emailll_frontend.txt
2026-08-23T11:16:18+00:00,MYOB,careers@myob.com,sent,,emailll_agent.txt
2026-08-23T11:17:35+00:00,Paktor,careers@paktor.com,sent,,emailll_backend.txt
2026-08-23T11:18:58+00:00,PatSnap,careers@patsnap.com,sent,,emailll_proof.txt
2026-08-23T11:20:48+00:00,PropertyGuru,careers@propertyguru.com,sent,,emailll_frontend.txt
2026-08-23T11:22:06+00:00,Razer,careers@razer.com,sent,,emailll_agent.txt
2026-08-23T11:23:55+00:00,REA Group,careers@rea-group.com,sent,,emailll_backend.txt
2026-08-23T11:25:21+00:00,Bol.com,careers@bol.com,sent,,emailll_proof.txt
2026-08-23T11:27:12+00:00,Capchase,careers@capchase.com,sent,,emailll_frontend.txt
2026-08-23T11:28:33+00:00,Contents.com,careers@contents.com,sent,,emailll_agent.txt
2026-08-23T11:30:09+00:00,Criteo,careers@criteo.com,sent,,emailll_backend.txt
2026-08-23T11:32:00+00:00,Curve,careers@curve.com,sent,,emailll_proof.txt
2026-08-23T11:33:54+00:00,Fathom Analytics,careers@usefathom.com,sent,,emailll_frontend.txt
2026-08-23T11:35:27+00:00,Featurespace,careers@featurespace.com,sent,,emailll_agent.txt
2026-08-23T11:36:46+00:00,Flix,careers@flix.com,sent,,emailll_backend.txt
2026-08-23T11:38:35+00:00,FlixBus,careers@flixbus.com,sent,,emailll_proof.txt
2026-08-23T11:40:29+00:00,Formbricks,hola@formbricks.com,sent,,emailll_frontend.txt
2026-08-24T09:50:25+00:00,AR Consultores,fbrunori@arconsultores.com.ar,sent,,emailll_proof.txt
2026-08-24T09:55:43+00:00,Smart Working,hr@smartworking.io,sent,,emailll_proof.txt
2026-08-24T09:57:41+00:00,IT People Gulf,sarita.sakhare@itpeoplegulf.com,sent,,emailll_frontend.txt
2026-08-24T09:59:06+00:00,Innovoria Soft,hr@innovoriasoft.com,sent,,emailll_agent.txt
2026-08-24T10:00:49+00:00,Neo Solutions,info@theneosolutions.com,sent,,emailll_backend.txt
2026-08-24T10:02:30+00:00,True IG Tech,mgupta@trueigtech.com,sent,,emailll_proof.txt
2026-08-24T14:21:26+00:00,CodeToKloud,tehreem.ashfaq@codetokloud.com,sent,,emailll_frontend.txt
2026-08-24T17:16:59+00:00,CCRIPT Agency,talha@ccript.com,sent,,emailll.txt
2026-08-24T17:24:40+00:00,A.Team,raphael@a.team,sent,,emailll.txt
2026-08-24T17:25:55+00:00,Base.com,marek@base.com,sent,,emailll.txt
2026-08-24T17:27:14+00:00,Customer.io,colin@customer.io,sent,,emailll.txt
2026-08-24T17:28:33+00:00,Descript,laura@descript.com,sent,,emailll.txt
2026-08-24T17:29:24+00:00,Huzzle,parham@huzzle.app,sent,,emailll.txt
2026-08-24T17:30:37+00:00,Lithic,bo@lithic.com,sent,,emailll.txt
2026-08-24T17:32:00+00:00,MapTiler,petr.pridal@maptiler.com,sent,,emailll.txt
2026-08-24T17:33:05+00:00,MemberSpace,ward@memberspace.com,sent,,emailll.txt
2026-08-24T17:34:17+00:00,OnTheGoSystems,amir.helzer@onthegosystems.com,sent,,emailll.txt
2026-08-24T17:35:25+00:00,Proxify AB,viktor.jarnheimer@proxify.io,sent,,emailll.txt
2026-08-24T17:36:48+00:00,saas.group,tim@saas.group,sent,,emailll.txt
2026-08-24T17:37:54+00:00,Sticker Mule,anthony@stickermule.com,sent,,emailll.txt
2026-08-24T17:38:52+00:00,Trigger.dev,matt@trigger.dev,sent,,emailll.txt
2026-08-24T17:39:48+00:00,Valsoft Corporation,s.youssef@valsoftcorp.com,sent,,emailll.txt
2026-08-24T17:41:02+00:00,Zowie,maja.schaefer@getzowie.com,sent,,emailll.txt
2026-08-25T09:30:46+00:00,SourceBridge Co.,amjad@sourcebridgeco.com,sent,,emailll_agent.txt,A,AI Engineer at SourceBridge Co.
2026-08-25T10:30:02+00:00,Scalemill,careers@scalemill.com,sent,,emailll_agent.txt,A,AI Developer & Engineer at Scalemill
2026-08-25T10:31:59+00:00,Scalemill,farkhunda@scalemill.com,sent,,emailll_agent.txt,B,"AI note, Scalemill"
2026-08-26T09:20:45+00:00,Harlyy,zeeshan@harlyy.com,sent,,emailll_backend.txt,A,Software Engineer at Harlyy
2026-08-26T09:21:58+00:00,Harlyy,careers@harlyy.com,sent,,emailll_backend.txt,B,"React note, Harlyy"
2026-08-26T09:31:47+00:00,99x Automation,hr@99xautomation.com,sent,,emailll_frontend.txt,A,Web Developer at 99x Automation
2026-08-26T09:35:26+00:00,Tethr,hr@tethrhq.com,sent,,emailll_agent.txt,A,AI Engineer at Tethr
2026-08-26T09:36:15+00:00,Tethr,saad@tethrhq.com,sent,,emailll_agent.txt,B,"AI note, Tethr"
2026-08-26T10:29:26+00:00,AEG,cv@aeg.com.pk,sent,,emailll_agent.txt,A,AI Engineer at AEG
2026-08-26T10:35:56+00:00,KIHOMAC,contact@kihomac.com,sent,,freelance_short.txt,,Website build — quick note
2026-08-27T18:37:00+00:00,Ecomillin,yawar@ecomillin.com,sent,,ecomillin_frontend.txt,,Frontend Developer (React / Next.js) — Pharmacy SaaS
2026-08-27T18:38:36+00:00,99x,sonia.cavaco@99x.io,sent,,emailll_backend.txt,A,Full-Stack Java + React Engineer at 99x
2026-08-27T18:39:11+00:00,Softpers Interactive,info@theneosolutions.com,sent,,softpers_l2_followup.txt,,Software Engineer Level II — Softpers (follow-up)
2026-08-27T18:41:07+00:00,Aesthetics Digital,sayhi@aesthetics-digital.com,sent,,aesthetics_fullstack.txt,,Senior Full-Stack Website Developer — Muhammad Muddasir
2026-08-27T18:42:02+00:00,JobsMediator,bolanleogunderu@jobsmediator.com,sent,,jobsmediator_note.txt,,Full-Stack / AI Engineer — CV + portfolio
2026-08-29T07:19:53+00:00,Verior,careers@verior.co,sent,,verior_ai.txt,,AI Engineer - Karachi
2026-08-29T07:20:57+00:00,CodeToKloud,tehreem.ashfaq@codetokloud.com,sent,,codetokloud_associate_web.txt,,Associate Web Developer
2026-08-29T08:21:24+00:00,Jungheinrich,karriere@jungheinrich.de,sent,,cover_email_body,,Software Engineer at Jungheinrich
2026-08-29T08:22:00+00:00,Askari Bank,careers@askaribank.com,sent,,cover_email_body,,Software Engineer at Askari Bank
2026-08-29T08:23:00+00:00,BrightSpyre,careers@brightspyre.com,sent,,cover_email_body,,Software Engineer at BrightSpyre
2026-08-29T08:24:09+00:00,Coderisti / Recur,careers@recur.com,sent,,cover_email_body,,Software Engineer at Coderisti / Recur
2026-08-29T08:51:43+00:00,Innovage.io,developer@innovage.io,sent,,ai-job-search-scrape+cursor,,Full Stack Developer with Shopify Experi at Innovage.io
2026-08-29T08:53:43+00:00,Crost AI,hello@crost.ai,sent,,ai-job-search-scrape+cursor,,Full-Stack Product Engineer (React/Next. at Crost AI
2026-08-29T08:55:45+00:00,Dash0,hi@dash0.com,sent,,ai-job-search-scrape+cursor,,"Senior Product Engineer, Frontend (React at Dash0"
2026-08-29T08:57:55+00:00,Remotedxb,hello@remotedxb.com,sent,,ai-job-search-scrape+cursor,,Remote React/TypeScript Web Developer wi at Remotedxb
2026-08-29T09:00:02+00:00,remotestar-team,hello@remotestar.io,sent,,ai-job-search-scrape+cursor,,FullStack Developer (Next.js &amp; Java) at remotestar-tea
2026-08-29T09:04:42+00:00,Intelligent Inference,info@intelligentinference.ai,sent,,ai-job-search-scrape+cursor,,AI Engineer at Intelligent Inference
2026-08-29T09:12:56+00:00,Remotestar,talent@remotestar.io,sent,,ai-job-search-scrape+cursor,,FullStack Developer (Next.js & Java) (Re at Remotestar
2026-08-29T09:13:53+00:00,remotestar-team,hr@remotestar.io,sent,,ai-job-search-scrape+cursor,,FullStack Developer (Next.js &amp; Java) at remotestar-tea
2026-08-29T09:16:08+00:00,Diligent,recruitment@diligent.com,sent,,ai-job-search-scrape+cursor,,"Software Engineer (NodeJS, Typescript) at Diligent"
2026-08-29T09:18:29+00:00,Our Future Health UK,talent@ourfuturehealth.org.uk,sent,,ai-job-search-scrape+cursor,,Software Engineer - (Typescript & Node) at Our Future Heal
2026-08-29T09:20:40+00:00,Bloomerang,careers@bloomerang.com,sent,,ai-job-search-scrape+cursor,,Sr. Software Engineer (Tech Lead) - Type at Bloomerang
2026-08-29T09:22:56+00:00,"Planned Systems International, Inc.",hrdepartment@plan-sys.com,sent,,ai-job-search-scrape+cursor,,"AI Engineer at Planned Systems International, Inc."
2026-08-29T09:25:04+00:00,isu,employment@iastate.edu,sent,,ai-job-search-scrape+cursor,,AI Engineer at isu
2026-08-29T09:27:24+00:00,NBC Universal,accessibilitysupport@nbcuni.com,sent,,ai-job-search-scrape+cursor,,Sr Software Engineer at NBC Universal
2026-08-31T06:18:08+00:00,DynaSys Network,info@dynasysnetworks.com,sent,,nastp_khi_cursor,,Software Engineer at DynaSys Network
2026-08-31T06:20:17+00:00,Shispare,info@shispare.com,sent,,nastp_khi_cursor,,Software Engineer at Shispare
2026-08-31T06:22:31+00:00,Woot Tech,info@woot-tech.com,sent,,nastp_khi_cursor,,Software Engineer at Woot Tech
2026-08-31T06:24:30+00:00,Asani.io,hello@asani.io,sent,,nastp_khi_cursor,,Software Engineer at Asani.io
2026-08-31T06:26:39+00:00,Peekaboo Guru,contact@peekaboo.guru,sent,,nastp_khi_cursor,,Software Engineer at Peekaboo Guru
2026-08-31T06:51:02+00:00,Catalect,careers@catalectconsulting.com,failed,Connection unexpectedly closed: The read operation timed out,ai-job-search-karachi+cursor,,AI Engineer at Catalect
2026-08-31T06:54:15+00:00,VerraCloud,careers@verracloud.com,failed,_ssl.c:1015: The handshake operation timed out,ai-job-search-karachi+cursor,,Senior Software Engineer - .NET or Java wi at VerraCloud
2026-08-31T07:40:46+00:00,Catalect,careers@catalectconsulting.com,sent,,ai-job-search-karachi+cursor,,AI Engineer at Catalect
2026-08-31T07:45:05+00:00,VerraCloud,careers@verracloud.com,sent,,ai-job-search-karachi+cursor,,Senior Software Engineer - .NET or Java wi at VerraCloud
2026-08-31T09:33:04+00:00,Amazon,ogled@amazon.com,sent,,qualified_leads+cursor,,"Software Engineer, DynamoDB Performance at Amazon"
2026-08-31T09:35:03+00:00,Amazon Web Services (AWS),elifish@amazon.com,sent,,qualified_leads+cursor,,"Software Engineer, DynamoDB Performance at Amazon Web Serv"
2026-08-31T09:37:09+00:00,Apple,d_tome@apple.com,sent,,qualified_leads+cursor,,Software Engineer at Apple
2026-08-31T09:39:32+00:00,Betterment,dan@betterment.com,sent,,qualified_leads+cursor,,Sr. Full Stack Software Engineer - Produ at Betterment
2026-08-31T09:41:39+00:00,Booz Allen Hamilton,anwar_fatima@bah.com,sent,,qualified_leads+cursor,,Software Engineer at Booz Allen Hamilton
2026-08-31T09:43:56+00:00,Caterpillar Inc.,tyrrell_ed_j@cat.com,sent,,qualified_leads+cursor,,Software Engineer - Data Engineering at Caterpillar Inc.
2026-08-31T09:46:12+00:00,Databricks,dana.dworman@databricks.com,sent,,qualified_leads+cursor,,"Software Engineer, Web Products at Databricks"
2026-08-31T09:48:21+00:00,GitHub,elliebennett@github.com,sent,,qualified_leads+cursor,,"Software Engineer I, Secret Scanning at GitHub"
2026-08-31T09:50:28+00:00,Google,ebrewer@google.com,sent,,qualified_leads+cursor,,"Software Engineer III, Google Kubernetes at Google"
2026-08-31T09:52:52+00:00,Meta,elvertaw@meta.com,sent,,qualified_leads+cursor,,"Software Engineer Leadership, Machine Le at Meta"
2026-08-31T09:54:53+00:00,Microsoft,erinlau@microsoft.com,sent,,qualified_leads+cursor,,Software Engineer at Microsoft
2026-08-31T09:57:03+00:00,Molex,lee.ettleman@molex.com,sent,,qualified_leads+cursor,,Software Engineer at Molex
2026-08-31T09:59:00+00:00,Netflix,ewamai@netflix.com,sent,,qualified_leads+cursor,,Software Engineer (L7) - Application Net at Netflix
2026-08-31T10:01:13+00:00,Nutanix,eric.hudson@nutanix.com,sent,,qualified_leads+cursor,,"Software Engineer (Linux, Virtualization at Nutanix"
2026-08-31T10:03:28+00:00,NVIDIA,ejd@nvidia.com,sent,,qualified_leads+cursor,,"Software Engineer, GPU Design Automation at NVIDIA"
2026-08-31T10:05:29+00:00,Okta,fatma.zaman@okta.com,sent,,qualified_leads+cursor,,Software Engineer at Okta
2026-08-31T10:07:38+00:00,Oracle,doron.barcaspi@oracle.com,sent,,qualified_leads+cursor,,"Software Engineer, Core Infrastructure at Oracle"
2026-08-31T10:09:55+00:00,Procter & Gamble,roth.em@pg.com,sent,,qualified_leads+cursor,,"Forward Deployed Software Engineer, Ware at Procter & Gamb"
2026-08-31T12:14:37+00:00,Digital Ride,hr@digitalrideltd.com,sent,,posting+cursor,,Front-End Developer at Digital Ride
2026-08-31T12:41:43+00:00,Xleron,careers@xleron.io,sent,,posting+cursor,,Application for Full Stack Developer Muhammad Muddasir
2026-08-31T12:45:25+00:00,TrendTide,growth@trendtideco.com,sent,,posting+cursor,,Full-Stack Developer - Muhammad Muddasir
2026-08-31T12:48:44+00:00,Techesthete,hrm@techesthete.net,sent,,posting+cursor,,AI Developer - Muhammad Muddasir
2026-08-31T12:52:26+00:00,Slidly Logistics,slidlylogistics@gmail.com,sent,,posting+cursor,,Website Development - Portfolio & Details (Muhammad Muddasir)
2026-09-01T11:49:35+00:00,GR Travel,noreply@grtravel.net,sent,,posting+cursor,,UI/UX Designer & Frontend Developer - Muhammad Muddasir
2026-09-05T08:13:50+00:00,Stealth Startup (via Usman Shahid),usman.shahid@invozone.com,sent,,posting+cursor,,AI Engineer (Remote) — Muhammad Muddasir
2026-09-05T08:15:38+00:00,Lab3 Asia (Joomlart),hradmin@lab3.asia,sent,,posting+cursor,,AI Engineer / AI Agent Engineer - Muhammad Muddasir
2026-09-05T09:19:04+00:00,DPL,careers@dpl.com.pk,sent,,batch50_pk_mena_sg+cursor,,Full Stack .NET Developer at DPL
2026-09-05T09:22:12+00:00,Daira,contact@daira.me,sent,,batch50_pk_mena_sg+cursor,,AI Engineer at Daira
2026-09-05T09:37:54+00:00,ADI Group,contact@manatal.com,sent,,until50_aijs+cursor,,React Native Software Engineer at ADI Group
2026-09-05T09:51:32+00:00,Ampstek,vishnu.r@ampstek.com,sent,,until50_aijs+cursor,,Java and React Developer at Ampstek
2026-09-05T09:59:56+00:00,AVENSYS CONSULTING PTE. LTD.,prakash@aven-sys.com,sent,,until50_aijs+cursor,,Software Engineer at AVENSYS CONSULTING PTE. LTD.
2026-09-05T10:10:59+00:00,Busigence Technologies,careers@busigence.com,sent,,until50_aijs+cursor,,React Developer at Busigence Technologies
2026-09-05T10:13:34+00:00,Careem Networks FZ LLC,hr@careem.com,sent,,until50_aijs+cursor,,Software Engineer I - AI-Driven Backend at Careem Networks
2026-09-05T11:27:24+00:00,Multisyn Tech Pvt. Ltd.,hiring@multisyn.tech,sent,,until50_aijs+cursor,,Full Stack Developer (Node.js + React/Next at Multisyn Tec
2026-09-05T11:36:43+00:00,SAP,careers@sap.com,sent,,until50_aijs+cursor,,Forward Deployed AI Engineer at SAP
2026-09-07T08:10:37+00:00,ibex,hello@ibex.co,sent,,until50_aijs+cursor,,Full Stack Developer at ibex
2026-09-07T08:39:50+00:00,Semexsoft,careers@semexsoft.com,sent,,until50_aijs+cursor,,Full-Stack Developer (Medusa v2 + Next.js  at Semexsoft
2026-09-07T09:30:57+00:00,Sofstica,hadiqa.shahid@sofstica.com,sent,cc:fabaha.ansari@sofstica.com,sofstica_jr_frontend+cursor,,Application: Jr. Software Engineer - Frontend Angular
2026-09-07T09:32:34+00:00,AI Studio,aymen.k@ialsaatchi.com,sent,,ai_studio_associate+cursor,,Associate Software Engineer — AI Studio
2026-09-07T10:05:55+00:00,Forte Group,careers@fortegrp.com,sent,,blast_fast+cursor,,React Native Developer at Forte Group
2026-09-07T10:07:40+00:00,Busigence Technologies,hr@busigence.com,sent,,blast_fast+cursor,,React Developer at Busigence Technologies
2026-09-07T10:09:30+00:00,RepairDesk,hello@repairdesk.co,sent,,blast_fast+cursor,,"Full Stack Engineer (Node, Vue, MySQL) at RepairDesk"
2026-09-07T10:11:30+00:00,noon,careers@noon.com,sent,,blast_fast+cursor,,Software Development Engineer 1 - Backend at noon
2026-09-07T10:14:18+00:00,Careem Networks FZ LLC,jobs@careem.com,sent,,blast_fast+cursor,,Software Engineer I - AI-Driven Backend at Careem Networks
2026-09-07T10:41:22+00:00,Confiz,careers@confiz.com,sent,,blast_careers+cursor,,Software Engineer / Full Stack Engineer — Confiz
2026-09-07T10:43:51+00:00,Netsol,careers@netsoltech.com,sent,,blast_careers+cursor,,Software Engineer / Full Stack Engineer — Netsol
2026-09-07T10:45:45+00:00,Empiric,careers@empiric.com,sent,,blast_careers+cursor,,Software Engineer / Full Stack Engineer — Empiric
2026-09-07T10:47:29+00:00,JazzCash,careers@jazzcash.com.pk,sent,,blast_careers+cursor,,Software Engineer / Full Stack Engineer — JazzCash
2026-09-07T10:49:31+00:00,PTCL,careers@ptcl.com.pk,sent,,blast_careers+cursor,,Software Engineer / Full Stack Engineer — PTCL
2026-09-07T10:51:21+00:00,Ufone,careers@ufone.com,sent,,blast_careers+cursor,,Software Engineer / Full Stack Engineer — Ufone
2026-09-07T10:53:24+00:00,Trainline,careers@thetrainline.com,sent,,blast_careers+cursor,,Software Engineer / Full Stack Engineer — Trainline
2026-09-07T10:55:19+00:00,PTCL Digital,careers@ptcl.com.pk,sent,,blast_careers+cursor,,Software Engineer / Full Stack Engineer — PTCL Digital
2026-09-07T10:57:12+00:00,Ufone Digital,careers@ufone.com,sent,,blast_careers+cursor,,Software Engineer / Full Stack Engineer — Ufone Digital
2026-09-07T10:59:07+00:00,JazzCash Tech,careers@jazzcash.com.pk,sent,,blast_careers+cursor,,Software Engineer / Full Stack Engineer — JazzCash Tech
2026-09-07T11:01:02+00:00,Confiz Pakistan,careers@confiz.com,sent,,blast_careers+cursor,,Software Engineer / Full Stack Engineer — Confiz Pakistan
2026-09-07T11:02:56+00:00,Netsol Pakistan,careers@netsoltech.com,sent,,blast_careers+cursor,,Software Engineer / Full Stack Engineer — Netsol Pakistan
2026-09-07T11:05:40+00:00,Empiric Pakistan,careers@empiric.com,sent,,blast_careers+cursor,,Software Engineer / Full Stack Engineer — Empiric Pakistan
2026-09-07T11:07:33+00:00,Tintash,careers@tintash.com,sent,,blast_careers+cursor,,Software Engineer / Full Stack Engineer — Tintash
2026-09-07T11:09:20+00:00,Foodpanda Pakistan,careers@foodpanda.pk,sent,,blast_careers+cursor,,Software Engineer / Full Stack Engineer — Foodpanda Pakist
2026-09-07T11:18:31+00:00,Front,careers@front.com,sent,,front_com+cursor,,Frontend / Full Stack Software Engineer at Front
2026-09-07T11:27:08+00:00,Dubizzle Labs Pakistan,hr@dubizzlelabs.com,sent,,blast_careers+cursor,,Software Engineer / Full Stack Engineer — Dubizzle Labs Pa
2026-09-07T11:29:06+00:00,Telenor Pakistan,careers@telenor.com.pk,sent,,blast_careers+cursor,,Software Engineer / Full Stack Engineer — Telenor Pakistan
2026-09-07T11:31:19+00:00,Securiti,careers@securiti.ai,sent,,blast_careers+cursor,,Software Engineer / Full Stack Engineer — Securiti
2026-09-07T11:33:35+00:00,Tkxel,careers@tkxel.com,sent,,blast_careers+cursor,,Software Engineer / Full Stack Engineer — Tkxel
2026-09-07T11:38:30+00:00,Elixir Technologies,careers@elixirtech.com,sent,,blast_careers+cursor,,Software Engineer / Full Stack Engineer — Elixir Technolog
2026-09-07T11:40:18+00:00,Sekel Technologies,careers@sekeltech.com,sent,,blast_careers+cursor,,Software Engineer / Full Stack Engineer — Sekel Technologi
2026-09-07T11:42:02+00:00,Zigron,careers@zigron.com,sent,,blast_careers+cursor,,Software Engineer / Full Stack Engineer — Zigron
2026-09-07T11:43:57+00:00,StormFiber,careers@stormfiber.com,sent,,blast_careers+cursor,,Software Engineer / Full Stack Engineer — StormFiber
2026-09-07T11:45:46+00:00,Meezan Bank,careers@meezanbank.com,sent,,blast_careers+cursor,,Software Engineer / Full Stack Engineer — Meezan Bank
2026-09-07T11:47:41+00:00,Zong CMPak,careers@zong.com.pk,sent,,blast_careers+cursor,,Software Engineer / Full Stack Engineer — Zong CMPak
2026-09-07T11:49:47+00:00,Talabat,careers@talabat.com,sent,,blast_careers+cursor,,Software Engineer / Full Stack Engineer — Talabat
2026-09-07T11:51:41+00:00,Swvl,careers@swvl.com,sent,,blast_careers+cursor,,Software Engineer / Full Stack Engineer — Swvl
2026-09-07T11:53:54+00:00,Salla,careers@salla.sa,sent,,blast_careers+cursor,,Software Engineer / Full Stack Engineer — Salla
2026-09-07T11:55:49+00:00,HungerStation,careers@hungerstation.com,sent,,blast_careers+cursor,,Software Engineer / Full Stack Engineer — HungerStation
2026-09-07T11:59:30+00:00,Bitcoiner Jobs,cory@swanbitcoin.com,sent,to:Cory Klippsten,ql_remote_startup+cursor,,Junior full-stack / frontend engineer — Bitcoiner Jobs
2026-09-07T12:01:27+00:00,Boardwalk Marketing,dylan@boardwalk.marketing,sent,to:Dylan Farnsworth,ql_remote_startup+cursor,,Junior full-stack / frontend engineer — Boardwalk Marketin
2026-09-07T12:03:24+00:00,ConvertFlow,ethan@convertflow.com,sent,to:Ethan Denney,ql_remote_startup+cursor,,Junior full-stack / frontend engineer — ConvertFlow
2026-09-07T12:05:29+00:00,Recruits Lab,darren@recruitslab.com,sent,to:Darren Nelson,ql_remote_startup+cursor,,Junior full-stack / frontend engineer — Recruits Lab
2026-09-07T12:07:24+00:00,Digitalogy LLC,dwayne@digitalogy.co,sent,to:Dwayne Anderson,ql_remote_startup+cursor,,Junior full-stack / frontend engineer — Digitalogy LLC
2026-09-07T12:09:17+00:00,CommissionCrowd,laura@commissioncrowd.com,sent,to:Laura McGregor,ql_remote_startup+cursor,,Junior full-stack / frontend engineer — CommissionCrowd
2026-09-07T12:11:11+00:00,Hamsa,adam@hamsa.com,sent,to:Adam Zbar,ql_remote_startup+cursor,,Junior full-stack / frontend engineer — Hamsa
2026-09-07T12:13:08+00:00,Immerss,aveytsman@immerss.live,sent,to:Arthur Veytsman,ql_remote_startup+cursor,,Junior full-stack / frontend engineer — Immerss
2026-09-07T12:15:02+00:00,S4DS Software,carlos.florez@s4ds.com,sent,to:Carlos Florez,ql_remote_startup+cursor,,Junior full-stack / frontend engineer — S4DS Software
2026-09-07T12:25:46+00:00,Rad AI,doktor@radai.com,sent,job:Data Engineer,ql_posting_first+reddit,,Data Engineer @ Rad AI
2026-09-07T12:39:46+00:00,Yutori,devi@yutori.ai,sent,job:AI Engineer â LLM Infra,ql_posting_first+reddit,,AI Engineer â LLM Infra @ Yutori
2026-09-07T12:46:15+00:00,Counterpart,david.fanger@yourcounterpart.com,sent,job:Product Engineer,ql_posting_first+reddit,,Product Engineer @ Counterpart
2026-09-07T12:51:14+00:00,Care.com,amit.goyal@care.com,sent,job:Junior Fullstack Developer (Python),ql_posting_first+reddit,,Junior Fullstack Developer @ Care.com
2026-09-08T12:26:41+00:00,Systems Limited - APAC,careers@systemsltd.com,sent,job:ReactJS frontend developer,today50+reddit,,ReactJS frontend developer @ Systems Limited - APAC
2026-09-08T12:28:38+00:00,Presight,careers@presight.ai,sent,job:Engineer - Full Stack,today50+reddit,,Engineer - Full Stack @ Presight
2026-09-08T12:30:47+00:00,Paymob,careers@paymob.com,sent,job:Software Engineer (Full Stack / Frontend,today50+reddit,,Software Engineer @ Paymob
2026-09-08T12:32:35+00:00,Anghami,careers@anghami.com,sent,job:Software Engineer (Full Stack / Frontend,today50+reddit,,Software Engineer @ Anghami
2026-09-08T12:35:21+00:00,Namshi,careers@namshi.com,sent,job:Software Engineer (Full Stack / Frontend,today50+reddit,,Software Engineer @ Namshi
2026-09-08T12:37:08+00:00,Nearpay,careers@nearpay.io,sent,job:Software Engineer (Full Stack / Frontend,today50+reddit,,Software Engineer @ Nearpay
2026-09-08T12:38:59+00:00,Synapse Analytics,careers@synapse-analytics.io,sent,job:Software Engineer (Full Stack / Frontend,today50+reddit,,Software Engineer @ Synapse Analytics
2026-09-08T12:40:44+00:00,Bosta,careers@bosta.co,sent,job:Software Engineer (Full Stack / Frontend,today50+reddit,,Software Engineer @ Bosta
2026-09-08T12:42:39+00:00,NymCard,careers@nymcard.com,sent,job:Software Engineer (Full Stack / Frontend,today50+reddit,,Software Engineer @ NymCard
2026-09-08T12:50:39+00:00,Foodpanda APAC,careers@foodpanda.com,sent,job:Software Engineer (Full Stack / Frontend,today50+reddit,,Software Engineer @ Foodpanda APAC
2026-09-08T12:52:33+00:00,VueStorefront / Alokai,careers@alokai.com,sent,job:Software Engineer (Full Stack / Frontend,today50+reddit,,Software Engineer @ VueStorefront / Alokai
2026-09-08T12:54:52+00:00,Cartlow PK,careers@cartlow.com,sent,job:Software Engineer (Full Stack / Frontend,today50+reddit,,Software Engineer @ Cartlow PK
2026-09-08T12:56:46+00:00,Arbisoft Pakistan,careers@arbisoft.com,sent,job:Software Engineer (Full Stack / Frontend,today50+reddit,,Software Engineer @ Arbisoft Pakistan
2026-09-08T12:58:55+00:00,PureLogics Pakistan,careers@purelogics.com,sent,job:Software Engineer (Full Stack / Frontend,today50+reddit,,Software Engineer @ PureLogics Pakistan
2026-09-08T13:00:48+00:00,Contour Pakistan,hr@contour-software.com,sent,job:Software Engineer (Full Stack / Frontend,today50+reddit,,Software Engineer @ Contour Pakistan
2026-09-08T13:02:42+00:00,Dawaai Tech,hr@dawaai.pk,sent,job:Software Engineer (Full Stack / Frontend,today50+reddit,,Software Engineer @ Dawaai Tech
2026-09-08T13:04:43+00:00,Qatar Airways IT,careers@qatarairways.com,sent,job:Software Engineer (Full Stack / Frontend,today50+reddit,,Software Engineer @ Qatar Airways IT
2026-09-09T04:37:13+00:00,Snoonu,careers@snoonu.com,sent,job:Software Engineer (Full Stack / Frontend,today50+reddit,,Software Engineer @ Snoonu
2026-09-09T04:38:51+00:00,Rain Bahrain,careers@rain.bh,sent,job:Software Engineer (Full Stack / Frontend,today50+reddit,,Software Engineer @ Rain Bahrain
2026-09-09T04:40:36+00:00,CrediMax,careers@credimax.com.bh,sent,job:Software Engineer (Full Stack / Frontend,today50+reddit,,Software Engineer @ CrediMax
2026-09-09T04:42:27+00:00,Magnati,careers@magnati.com,sent,job:Software Engineer (Full Stack / Frontend,today50+reddit,,Software Engineer @ Magnati
2026-09-09T04:44:14+00:00,Mumzworld,careers@mumzworld.com,sent,job:Software Engineer (Full Stack / Frontend,today50+reddit,,Software Engineer @ Mumzworld
2026-09-09T04:46:06+00:00,Valeo Egypt,careers@valeo.com,sent,job:Software Engineer (Full Stack / Frontend,today50+reddit,,Software Engineer @ Valeo Egypt
2026-09-09T04:47:51+00:00,Tajawal,careers@tajawal.com,sent,job:Software Engineer (Full Stack / Frontend,today50+reddit,,Software Engineer @ Tajawal
2026-09-09T04:49:46+00:00,OpenSooq,careers@opensooq.com,sent,job:Software Engineer (Full Stack / Frontend,today50+reddit,,Software Engineer @ OpenSooq
2026-09-09T04:51:33+00:00,Mawdoo3,careers@mawdoo3.com,sent,job:Software Engineer (Full Stack / Frontend,today50+reddit,,Software Engineer @ Mawdoo3
2026-09-09T04:53:44+00:00,Murex,careers@murex.com,sent,job:Software Engineer (Full Stack / Frontend,today50+reddit,,Software Engineer @ Murex
2026-09-09T04:55:28+00:00,Jawaker,careers@jawaker.com,sent,job:Software Engineer (Full Stack / Frontend,today50+reddit,,Software Engineer @ Jawaker
2026-09-09T04:57:21+00:00,ZenHR,careers@zenhr.com,sent,job:Software Engineer (Full Stack / Frontend,today50+reddit,,Software Engineer @ ZenHR
2026-09-09T04:59:01+00:00,Soum,careers@soum.sa,sent,job:Software Engineer (Full Stack / Frontend,today50+reddit,,Software Engineer @ Soum
2026-09-09T05:00:52+00:00,RemotePass,careers@remotepass.com,sent,job:Software Engineer (Full Stack / Frontend,today50+reddit,,Software Engineer @ RemotePass
2026-09-09T05:02:48+00:00,ShopBack,careers@shopback.com,sent,job:Software Engineer (Full Stack / Frontend,today50+reddit,,Software Engineer @ ShopBack
2026-09-09T05:04:40+00:00,Carro,careers@carro.co,sent,job:Software Engineer (Full Stack / Frontend,today50+reddit,,Software Engineer @ Carro
2026-09-09T05:06:25+00:00,AirAsia Digital,careers@airasia.com,sent,job:Software Engineer (Full Stack / Frontend,today50+reddit,,Software Engineer @ AirAsia Digital
2026-09-09T05:08:08+00:00,Touch 'n Go Digital,careers@tngdigital.com.my,sent,job:Software Engineer (Full Stack / Frontend,today50+reddit,,Software Engineer @ Touch 'n Go Digital
2026-09-09T05:09:53+00:00,Boost,careers@myboost.com.my,sent,job:Software Engineer (Full Stack / Frontend,today50+reddit,,Software Engineer @ Boost
2026-09-09T05:11:40+00:00,iPay88,hr@ipay88.com,sent,job:Software Engineer (Full Stack / Frontend,today50+reddit,,Software Engineer @ iPay88
2026-09-09T05:13:33+00:00,Cars24 Gulf,careers@cars24.com,sent,job:Software Engineer (Full Stack / Frontend,today50+reddit,,Software Engineer @ Cars24 Gulf
2026-09-09T05:15:49+00:00,Ziina,careers@ziina.com,sent,job:Software Engineer (Full Stack / Frontend,today50+reddit,,Software Engineer @ Ziina
2026-09-09T05:17:37+00:00,Rasan,careers@rasan.co,sent,job:Software Engineer (Full Stack / Frontend,today50+reddit,,Software Engineer @ Rasan
2026-09-09T05:19:16+00:00,Tameeni,careers@tameeni.com,sent,job:Software Engineer (Full Stack / Frontend,today50+reddit,,Software Engineer @ Tameeni
2026-09-09T05:21:08+00:00,STC Bank,careers@stcbank.com.sa,sent,job:Software Engineer (Full Stack / Frontend,today50+reddit,,Software Engineer @ STC Bank
2026-09-09T05:23:17+00:00,Monday.com,careers@monday.com,sent,job:Software Engineer (Full Stack / Frontend,today50+reddit,,Software Engineer @ Monday.com
2026-09-09T05:25:04+00:00,Wix,careers@wix.com,sent,job:Software Engineer (Full Stack / Frontend,today50+reddit,,Software Engineer @ Wix
2026-09-09T05:26:57+00:00,Similarweb,careers@similarweb.com,sent,job:Software Engineer (Full Stack / Frontend,today50+reddit,,Software Engineer @ Similarweb
2026-09-09T05:28:39+00:00,Melio,careers@meliopayments.com,sent,job:Software Engineer (Full Stack / Frontend,today50+reddit,,Software Engineer @ Melio
2026-09-09T05:30:39+00:00,Lightricks,careers@lightricks.com,sent,job:Software Engineer (Full Stack / Frontend,today50+reddit,,Software Engineer @ Lightricks
2026-09-09T05:32:29+00:00,OakNorth,careers@oaknorth.com,sent,job:Software Engineer (Full Stack / Frontend,today50+reddit,,Software Engineer @ OakNorth
2026-09-09T05:34:23+00:00,Paddle,careers@paddle.com,sent,job:Software Engineer (Full Stack / Frontend,today50+reddit,,Software Engineer @ Paddle
2026-09-09T05:36:17+00:00,Thought Machine,hr@thoughtmachine.net,sent,job:Software Engineer (Full Stack / Frontend,today50+reddit,,Software Engineer @ Thought Machine
2026-09-09T05:38:11+00:00,Faculty,hr@faculty.ai,sent,job:Software Engineer (Full Stack / Frontend,today50+reddit,,Software Engineer @ Faculty
2026-09-09T05:39:59+00:00,Darktrace,careers@darktrace.com,sent,job:Software Engineer (Full Stack / Frontend,today50+reddit,,Software Engineer @ Darktrace
2026-09-09T05:41:49+00:00,Skyscanner,careers@skyscanner.net,sent,job:Software Engineer (Full Stack / Frontend,today50+reddit,,Software Engineer @ Skyscanner
2026-09-09T05:43:57+00:00,Deliveroo,careers@deliveroo.com,sent,job:Software Engineer (Full Stack / Frontend,today50+reddit,,Software Engineer @ Deliveroo
2026-09-09T05:45:42+00:00,Just Eat Takeaway,careers@justeattakeaway.com,sent,job:Software Engineer (Full Stack / Frontend,today50+reddit,,Software Engineer @ Just Eat Takeaway
2026-09-09T05:47:40+00:00,GetYourGuide,careers@getyourguide.com,sent,job:Software Engineer (Full Stack / Frontend,today50+reddit,,Software Engineer @ GetYourGuide
2026-09-09T05:49:26+00:00,Zalando,careers@zalando.com,sent,job:Software Engineer (Full Stack / Frontend,today50+reddit,,Software Engineer @ Zalando
2026-09-09T05:51:08+00:00,HelloFresh,careers@hellofresh.com,sent,job:Software Engineer (Full Stack / Frontend,today50+reddit,,Software Engineer @ HelloFresh
2026-09-09T05:53:02+00:00,Adyen,careers@adyen.com,sent,job:Software Engineer (Full Stack / Frontend,today50+reddit,,Software Engineer @ Adyen
2026-09-09T05:54:57+00:00,Bird,careers@bird.com,sent,job:Software Engineer (Full Stack / Frontend,today50+reddit,,Software Engineer @ Bird
2026-09-09T05:56:46+00:00,Picnic,careers@picnic.app,sent,job:Software Engineer (Full Stack / Frontend,today50+reddit,,Software Engineer @ Picnic
2026-09-09T05:58:35+00:00,Backbase,careers@backbase.com,sent,job:Software Engineer (Full Stack / Frontend,today50+reddit,,Software Engineer @ Backbase
2026-09-09T06:00:28+00:00,Ledger,careers@ledger.com,sent,job:Software Engineer (Full Stack / Frontend,today50+reddit,,Software Engineer @ Ledger
2026-09-09T06:02:24+00:00,Dataiku,careers@dataiku.com,sent,job:Software Engineer (Full Stack / Frontend,today50+reddit,,Software Engineer @ Dataiku
2026-09-09T06:04:14+00:00,Mistral AI,careers@mistral.ai,sent,job:Software Engineer (Full Stack / Frontend,today50+reddit,,Software Engineer @ Mistral AI
2026-09-09T06:06:16+00:00,Swile,careers@swile.co,sent,job:Software Engineer (Full Stack / Frontend,today50+reddit,,Software Engineer @ Swile
2026-09-09T06:08:04+00:00,Scaleway,careers@scaleway.com,sent,job:Software Engineer (Full Stack / Frontend,today50+reddit,,Software Engineer @ Scaleway
2026-09-09T06:26:19+00:00,Catalect Consulting,careers@catalectconsulting.com,sent,karachi-onsite-ai-engineer-posting,catalect_ai_engineer+reddit,,AI Engineer
2026-09-09T10:29:30+00:00,Fieldguide,careers@fieldguide.io,sent,job:AI Engineer,findings_apply+strict+reddit,,AI Engineer @ Fieldguide
2026-09-09T10:32:12+00:00,Made Card,hello@madecard.com,sent,job:Frontend Engineer,findings_apply+strict+reddit,,Frontend Engineer @ Made Card
2026-09-09T10:35:06+00:00,OVHcloud,careers@ovhcloud.com,sent,job:Software Engineer (Full Stack / Frontend,today50+reddit,,Software Engineer @ OVHcloud
2026-09-09T10:36:51+00:00,Idealista,careers@idealista.com,sent,job:Software Engineer (Full Stack / Frontend,today50+reddit,,Software Engineer @ Idealista
2026-09-09T10:38:57+00:00,Babaclick,hello@babaclick.com,sent,job:Full-Stack Software Engineer I AI-Native,findings_apply+strict+reddit,,Full-Stack Software Engineer I AI-Native @ Babaclick
2026-09-09T10:40:44+00:00,Lumion,jobs@lumion.com,sent,job:Junior Full Stack Software Engineer,findings_apply+strict+reddit,,Junior Full Stack Software Engineer @ Lumion
2026-09-09T10:42:25+00:00,DataDome,hr@datadome.co,sent,job:AI Engineer,findings_apply+strict+reddit,,AI Engineer @ DataDome
2026-09-09T10:44:04+00:00,Parachute Health,jobs@parachutehealth.com,sent,job:Entry Level Software Engineer,findings_apply+strict+reddit,,Entry Level Software Engineer @ Parachute Health
2026-09-09T10:46:36+00:00,MutuiOnline,careers@mutuionline.it,sent,job:Software Engineer (Full Stack / Frontend,today50+reddit,,Software Engineer @ MutuiOnline
2026-09-09T10:48:29+00:00,Klarna,careers@klarna.com,sent,job:Software Engineer (Full Stack / Frontend,today50+reddit,,Software Engineer @ Klarna
2026-09-09T10:50:14+00:00,eToro,careers@etoro.com,sent,job:Software Engineer (Full Stack / Frontend,today50+reddit,,Software Engineer @ eToro
2026-09-09T10:52:07+00:00,Tresorit,careers@tresorit.com,sent,job:Software Engineer (Full Stack / Frontend,today50+reddit,,Software Engineer @ Tresorit
2026-09-09T10:54:08+00:00,Kry,careers@kry.se,sent,job:Software Engineer (Full Stack / Frontend,today50+reddit,,Software Engineer @ Kry
2026-09-09T10:56:03+00:00,UiPath,careers@uipath.com,sent,job:Software Engineer (Full Stack / Frontend,today50+reddit,,Software Engineer @ UiPath
2026-09-09T10:57:53+00:00,Zoho,careers@zoho.com,sent,job:Software Engineer (Full Stack / Frontend,today50+reddit,,Software Engineer @ Zoho
2026-09-09T10:59:39+00:00,Mailgun,careers@mailgun.com,sent,job:Software Engineer (Full Stack / Frontend,today50+reddit,,Software Engineer @ Mailgun
2026-09-09T11:01:31+00:00,LMKT Digital,hr@lmkt.com,sent,job:Software Engineer (Full Stack / Frontend,today50+reddit,,Software Engineer @ LMKT Digital
2026-09-09T11:03:19+00:00,Easypaisa Tech,careers@easypaisa.com.pk,sent,job:Software Engineer (Full Stack / Frontend,today50+reddit,,Software Engineer @ Easypaisa Tech
2026-09-09T11:05:10+00:00,Finja Tech,careers@finja.pk,sent,job:Software Engineer (Full Stack / Frontend,today50+reddit,,Software Engineer @ Finja Tech
2026-09-09T11:07:19+00:00,Netsmartz Pakistan,hr@netsmartz.com,sent,job:Software Engineer (Full Stack / Frontend,today50+reddit,,Software Engineer @ Netsmartz Pakistan
2026-09-10T12:53:25+00:00,Earrow,hr@earrow.net,sent,associate-swe-0-2yoe-posting,earrow_associate+reddit,,Associate Software Engineer
2026-09-10T14:07:01+00:00,Techsol360,careers@techsol360.com,sent,karachi-onsite-fullstack-posting,techsol360_fullstack+reddit,,Full Stack Developer
2026-09-11T06:56:01+00:00,CCRIPT,talha@ccript.com,sent,,pk_followup+cursor,,
2026-09-11T06:57:41+00:00,Contour Software,hr@contour-software.com,sent,,pk_followup+cursor,,
2026-09-11T07:00:44+00:00,Careem,jobs@careem.com,sent,,pk_followup+cursor,,
2026-09-11T07:15:31+00:00,Life @ Get Licensed,hr@get-licensed.co.uk,sent,,pk_more+cursor,,
2026-09-11T07:17:11+00:00,Bykea,careers@bykea.com,sent,,pk_more+cursor,,
2026-09-11T07:18:51+00:00,Plutus21,hr@plutus21.com,sent,,pk_more+cursor,,
2026-09-11T07:20:29+00:00,Smart Working,hr@smartworking.io,sent,,pk_more+cursor,,
2026-09-11T07:22:08+00:00,Emumba,careers@emumba.com,sent,,pk_more+cursor,,
2026-09-11T07:23:45+00:00,Arbisoft,careers@arbisoft.com,sent,,pk_more+cursor,,
2026-09-11T07:25:24+00:00,Folio3,careers@folio3.com,sent,,pk_more+cursor,,
2026-09-11T07:27:12+00:00,VentureDive,careers@venturedive.com,sent,,pk_more+cursor,,
2026-09-11T07:28:50+00:00,Confiz,careers@confiz.com,sent,,pk_more+cursor,,
2026-09-11T07:30:03+00:00,Mactores,lets-talk@mactores.com,sent,,pk_more+cursor,,
2026-09-11T07:30:28+00:00,U-topia,careers@u-topia.com,sent,,pk_more+cursor,,
2026-09-11T07:32:13+00:00,Tintash,careers@tintash.com,sent,,pk_more+cursor,,
2026-09-11T07:33:54+00:00,Systems Arabia,careers@systemsarabia.com,sent,,pk_more+cursor,,
2026-09-11T07:43:08+00:00,Cubix,careers@cubix.co,sent,,pk_more2+cursor,,
2026-09-11T07:44:44+00:00,Finja,careers@finja.pk,sent,,pk_more2+cursor,,
2026-09-11T07:46:20+00:00,Dubizzle,careers@dubizzle.com,sent,,pk_more2+cursor,,
2026-09-11T07:47:09+00:00,Dubizzle,careers@dubizzle.com,sent,,strict_only+cursor,,
2026-09-11T07:48:01+00:00,Zameen.com,hr@zameen.com,sent,,pk_more2+cursor,,
2026-09-11T07:48:46+00:00,Zameen.com,hr@zameen.com,sent,,strict_only+cursor,,
2026-09-11T07:49:40+00:00,Daraz,hr@daraz.pk,sent,,pk_more2+cursor,,
2026-09-11T07:50:24+00:00,Daraz,hr@daraz.pk,sent,,strict_only+cursor,,
2026-09-11T07:51:20+00:00,Foodpanda,careers@foodpanda.pk,sent,,pk_more2+cursor,,
2026-09-11T07:52:06+00:00,Ephlux,careers@ephlux.com,sent,,strict_only+cursor,,
2026-09-11T07:53:42+00:00,Wavetec,careers@wavetec.com,sent,,strict_only+cursor,,
2026-09-11T07:55:23+00:00,Sofstica,career@sofstica.com,sent,,strict_only+cursor,,
2026-09-11T07:57:01+00:00,RemoteBase,people@remotebase.com,sent,,strict_only+cursor,,
2026-09-11T07:58:38+00:00,Hashpotato,business@hashpotato.io,sent,,strict_only+cursor,,
2026-09-11T08:00:16+00:00,Retool,hello@retool.com,sent,,strict_only+cursor,,
2026-09-11T08:01:55+00:00,Hugging Face,careers@huggingface.co,sent,,strict_only+cursor,,
2026-09-11T08:03:31+00:00,n8n,people@n8n.io,sent,,strict_only+cursor,,
