Company,Region,City,HR / Recruiter Email,Email Source,Other Emails,Domain,Careers / Apply URL,Sample Role
10Pearls,Karachi,Remote,careers@10pearls.com,known company contact,"info@10pearls.com, sahar.afzal@10pearls.com",10pearls.com,https://10pearls.applytojob.com/apply/aNEYRjfKar/Backend-PythonDjango,Backend Python/Django
Abhi,Karachi,Karachi,careers@abhi.com.pk,guessed pattern (verify before sending),hr@abhi.com.pk,abhi.com.pk,https://abhi.com.pk/careers,
Afiniti,Karachi,Karachi / global,careers@afiniti.com,guessed pattern (verify before sending),hr@afiniti.com,afiniti.com,https://afiniti.com/careers,
Arpatech,Karachi,Karachi,careers@arpatech.com,company website,"hr@arpatech.com, info@arpatech.com",arpatech.com,https://arpatech.com/careers,
Avanza Solutions,Karachi,Karachi,careers@avanzasolutions.com,guessed pattern (verify before sending),hr@avanzasolutions.com,avanzasolutions.com,https://avanzasolutions.com/careers,
Bank Alfalah,Karachi,Karachi,careers@bankalfalah.com,company website,"hr@bankalfalah.com, contactus@bankalfalah.com, atif.sarwar@bankalfalah.com, karim.najmuddin@bankalfalah.com, atmsettlementunit@bankalfalah.com, syed.fahim@bankalfalah.com, atmcapturedcardscfg@bankalfalah.com, rana.qaiser@bankalfalah.com, farhat.yasmeen@bankalfalah.com, fahad.rayaz@bankalfalah.com",bankalfalah.com,https://bankalfalah.com/careers,
Bazaar Technologies,Karachi,Karachi,careers@bazaartech.com,guessed pattern (verify before sending),hr@bazaartech.com,bazaartech.com,https://bazaartech.com/careers,
Bykea,Karachi,Karachi,careers@bykea.com,guessed pattern (verify before sending),hr@bykea.com,bykea.com,https://bykea.com/careers,
Careem,Karachi,"Amman, Jordan; Islamabad, Pakistan; Karachi, Pakistan; Lahore, Pakistan",careers@careem.com,known company contact,,careem.com,https://boards.greenhouse.io/careem/jobs/8620291002?gh_jid=8620291002,Senior Software Engineer I - Backend
Contour Software,Karachi,Karachi,careers@contour-software.com,company website,"hr@contour-software.com, info@contour-software.com",contour-software.com,https://contour-software.com/careers,
Creative Chaos,Karachi,Karachi,careers@creativechaos.co,guessed pattern (verify before sending),hr@creativechaos.co,creativechaos.co,https://creativechaos.co/careers,
Cubix,Karachi,Karachi,hr@cubixlabs.com,known company contact,info@cubix.co,cubix.co,https://cubix.co/careers,
CureMD,Karachi,Karachi,careers@curemd.com,company website,"hr@curemd.com, nathan.bradshaw@curemd.com",curemd.com,https://curemd.com/careers,
Cybernet,Karachi,Karachi,careers@cyber.net.pk,guessed pattern (verify before sending),hr@cyber.net.pk,cyber.net.pk,https://cyber.net.pk/careers,
Daraz,Karachi,Karachi,careers@daraz.pk,guessed pattern (verify before sending),hr@daraz.pk,daraz.pk,https://daraz.pk/careers,
Dawaai,Karachi,Karachi,careers@dawaai.pk,company website,"hr@dawaai.pk, pharmacy@dawaai.pk",dawaai.pk,https://dawaai.pk/careers,
Dubizzle Pakistan / OLX,Karachi,Karachi,careers@olx.com.pk,guessed pattern (verify before sending),hr@olx.com.pk,olx.com.pk,https://olx.com.pk/careers,
Engro,Karachi,Karachi,careers@engro.com,guessed pattern (verify before sending),hr@engro.com,engro.com,https://engro.com/careers,
Faysal Bank,Karachi,Karachi,careers@faysalbank.com,guessed pattern (verify before sending),hr@faysalbank.com,faysalbank.com,https://faysalbank.com/careers,
Folio3,Karachi,Karachi,careers@folio3.com,guessed pattern (verify before sending),hr@folio3.com,folio3.com,https://folio3.com/careers,
Foodpanda Pakistan,Karachi,Karachi,careers@foodpanda.pk,guessed pattern (verify before sending),hr@foodpanda.pk,foodpanda.pk,https://foodpanda.pk/careers,
Gaditek,Karachi,Karachi,careers@gaditek.com,guessed pattern (verify before sending),hr@gaditek.com,gaditek.com,https://gaditek.com/careers,
Genetech Solutions,Karachi,Karachi,careers@genetechsolutions.com,guessed pattern (verify before sending),hr@genetechsolutions.com,genetechsolutions.com,https://genetechsolutions.com/careers,
Haball,Karachi,Karachi,careers@haball.pk,company website,"hr@haball.pk, info@haball.pk",haball.pk,https://haball.pk/careers,
HBL,Karachi,Karachi,careers@hbl.com,company website,"hr@hbl.com, customer.care@hbl.com, roshan.complaints@hbl.com, ebanc.roshanaccount@hbl.com, qazi.sibghatullah@hbl.com, fasih.rehman1@hbl.com, customer.complaints@hbl.com",hbl.com,https://hbl.com/careers,
Homeshopping,Karachi,Karachi,careers@homeshopping.pk,company website,hr@homeshopping.pk,homeshopping.pk,https://homeshopping.pk/careers,
i2c,Karachi,Karachi,careers@i2cinc.com,company website,"hr@i2cinc.com, connect@i2cinc.com",i2cinc.com,https://i2cinc.com/careers,
Ibex,Karachi,Karachi,careers@ibex.co,guessed pattern (verify before sending),hr@ibex.co,ibex.co,https://ibex.co/careers,
Inbox Business Technologies,Karachi,Karachi,careers@inboxbiz.com,guessed pattern (verify before sending),hr@inboxbiz.com,inboxbiz.com,https://inboxbiz.com/careers,
Jazz,Karachi,Karachi,careers@jazz.com.pk,guessed pattern (verify before sending),hr@jazz.com.pk,jazz.com.pk,https://jazz.com.pk/careers,
KalSoft,Karachi,Karachi,careers@kalsoft.com,guessed pattern (verify before sending),hr@kalsoft.com,kalsoft.com,https://kalsoft.com/careers,
Keenu,Karachi,Karachi,careers@keenu.pk,company website,"hr@keenu.pk, help@keenu.pk, customercare@keenu.pk",keenu.pk,https://keenu.pk/careers,
KoderLabs,Karachi,Karachi,careers@koderlabs.com,company website,"hr@koderlabs.com, contact@koderlabs.com",koderlabs.com,https://koderlabs.com/careers,
M&P,Karachi,Karachi,careers@mulphilog.com,company website,"hr@mulphilog.com, contact@mulphilog.com, info@mulphilog.com",mulphilog.com,https://mulphilog.com/careers,
Meezan Bank,Karachi,Karachi,careers@meezanbank.com,company website,"hr@meezanbank.com, complaints@meezanbank.com, faiza.sajjad@meezanbank.com",meezanbank.com,https://meezanbank.com/careers,
Mindstorm Studios,Karachi,Karachi,careers@mindstormstudios.com,guessed pattern (verify before sending),hr@mindstormstudios.com,mindstormstudios.com,https://mindstormstudios.com/careers,
Motive,Karachi,Karachi / remote,careers@gomotive.com,known company contact,info@gomotive.com,gomotive.com,https://gomotive.com/careers,
Mustakbil,Karachi,Karachi,careers@mustakbil.com,company website,hr@mustakbil.com,mustakbil.com,https://mustakbil.com/careers,
NayaPay,Karachi,Karachi,careers@nayapay.com,company website,hr@nayapay.com,nayapay.com,https://nayapay.com/careers,
NorthBay Solutions,Karachi,Karachi,careers@northbaysolutions.com,company website,"hr@northbaysolutions.com, info@northbaysolutions.com",northbaysolutions.com,https://northbaysolutions.com/careers,
Ovex Technologies,Karachi,Karachi,careers@ovextech.com,company website,"hr@ovextech.com, info@ovextech.com",ovextech.com,https://ovextech.com/careers,
PakWheels,Karachi,Karachi,careers@pakwheels.com,guessed pattern (verify before sending),hr@pakwheels.com,pakwheels.com,https://pakwheels.com/careers,
Retailo,Karachi,Karachi,careers@retailo.co,company website,"hr@retailo.co, ideas@retailo.co, info@retailo.co",retailo.co,https://retailo.co/careers,
Rozee,Karachi,Karachi,careers@rozee.pk,guessed pattern (verify before sending),hr@rozee.pk,rozee.pk,https://rozee.pk/careers,
SadaPay,Karachi,Pakistan,careers@sadapay.pk,known company contact,hello@sadapay.pk,sadapay.pk,https://sadapay.pk/jobs-listing/full-stack-product-engineer,Full Stack Product Engineer Apply 100% remote Full-time Part-time Karachi (preferred) | Remote (considered) Apply
Salsoft Technologies,Karachi,Karachi,careers@salsoft.net,company website,"hr@salsoft.net, info@salsoft.net, connecthr@salsoft.net",salsoft.net,https://salsoft.net/careers,
Sastaticket,Karachi,Karachi,careers@sastaticket.pk,guessed pattern (verify before sending),hr@sastaticket.pk,sastaticket.pk,https://sastaticket.pk/careers,
Securiti,Karachi,Karachi / remote,careers@securiti.ai,guessed pattern (verify before sending),hr@securiti.ai,securiti.ai,https://securiti.ai/careers,
Softech Systems,Karachi,Karachi,careers@softechsystems.com,guessed pattern (verify before sending),hr@softechsystems.com,softechsystems.com,https://softechsystems.com/careers,
Softech Worldwide,Karachi,Karachi,careers@softechworldwide.com,company website,"hr@softechworldwide.com, jhernandez@softechworldwide.com",softechworldwide.com,https://softechworldwide.com/careers,
StormFiber,Karachi,Karachi,careers@stormfiber.com,guessed pattern (verify before sending),hr@stormfiber.com,stormfiber.com,https://stormfiber.com/careers,
Strategic Systems International,Karachi,Karachi,careers@ssidecisions.com,company website,hr@ssidecisions.com,ssidecisions.com,https://ssidecisions.com/careers,
Swyft Logistics,Karachi,Karachi,careers@swyftlogistics.com,guessed pattern (verify before sending),hr@swyftlogistics.com,swyftlogistics.com,https://swyftlogistics.com/careers,
Symbios,Karachi,Karachi,careers@symbios.pk,guessed pattern (verify before sending),hr@symbios.pk,symbios.pk,https://symbios.pk/careers,
Systems Limited,Karachi,Karachi,careers@systemsltd.com,company website,"hr@systemsltd.com, investor_relations@systemsltd.com, fayez.qamar@systemsltd.com",systemsltd.com,https://systemsltd.com/careers,
TCS,Karachi,Karachi,careers@tcsexpress.com,guessed pattern (verify before sending),hr@tcsexpress.com,tcsexpress.com,https://tcsexpress.com/careers,
Techlogix,Karachi,Karachi,careers@techlogix.com,guessed pattern (verify before sending),hr@techlogix.com,techlogix.com,https://techlogix.com/careers,
Telemart,Karachi,Karachi,careers@telemart.pk,guessed pattern (verify before sending),hr@telemart.pk,telemart.pk,https://telemart.pk/careers,
Telenor Pakistan,Karachi,Karachi,careers@telenor.com.pk,guessed pattern (verify before sending),hr@telenor.com.pk,telenor.com.pk,https://telenor.com.pk/careers,
Tintash,Karachi,Karachi,careers@tintash.com,guessed pattern (verify before sending),hr@tintash.com,tintash.com,https://tintash.com/careers,
TPS Worldwide,Karachi,Karachi,careers@tpsworldwide.com,guessed pattern (verify before sending),hr@tpsworldwide.com,tpsworldwide.com,https://tpsworldwide.com/careers,
Trax,Karachi,Karachi,careers@trax.pk,guessed pattern (verify before sending),hr@trax.pk,trax.pk,https://trax.pk/careers,
TRG Pakistan,Karachi,Karachi,careers@trgpakistan.com,guessed pattern (verify before sending),hr@trgpakistan.com,trgpakistan.com,https://trgpakistan.com/careers,
TRG World,Karachi,Karachi,careers@trgworld.com,guessed pattern (verify before sending),hr@trgworld.com,trgworld.com,https://trgworld.com/careers,
Turing,Karachi,Remote / PK,careers@turing.com,known company contact,"partnerships@turing.com, bugbounty@turing.com",turing.com,https://turing.com/careers,
UBL,Karachi,Karachi,careers@ubl.com.pk,guessed pattern (verify before sending),hr@ubl.com.pk,ubl.com.pk,https://ubl.com.pk/careers,
VentureDive,Karachi,Karachi,careers@venturedive.com,known company contact,hr@venturedive.com,venturedive.com,https://venturedive.applytojob.com/apply/Kvd4hJout1/AI-Engineer-Agentic-Frameworks-LLMs,AI Engineer - Agentic Frameworks & LLMs
Vizteck Solutions,Karachi,Karachi,careers@vizteck.com,guessed pattern (verify before sending),hr@vizteck.com,vizteck.com,https://vizteck.com/careers,
Xgrid,Karachi,Karachi,careers@xgrid.co,guessed pattern (verify before sending),hr@xgrid.co,xgrid.co,https://xgrid.co/careers,
Zameen,Karachi,Karachi,careers@zameen.com,guessed pattern (verify before sending),hr@zameen.com,zameen.com,https://zameen.com/careers,
Airtable,Pakistan,Anywhere in the World,hr@airtable.com,job posting,,,https://weworkremotely.com/remote-jobs/airtable-software-engineer-infrastructure-8-yoe,"Software Engineer, Infrastructure (8+ YOE)"
Allied Bank,Pakistan,Lahore,careers@abl.com,guessed pattern (verify before sending),hr@abl.com,abl.com,https://abl.com/careers,
Arbisoft,Pakistan,Lahore,contact@arbisoft.com,known company contact,kontakt@arbisoft.com,arbisoft.com,https://arbisoft.com/careers,
Askari Bank,Pakistan,Islamabad,careers@askaribank.com,guessed pattern (verify before sending),hr@askaribank.com,askaribank.com,https://askaribank.com/careers,
Bookme,Pakistan,Lahore,careers@bookme.pk,company website,"hr@bookme.pk, contact@bookme.pk",bookme.pk,https://bookme.pk/careers,
BrightSpyre,Pakistan,Islamabad,careers@brightspyre.com,guessed pattern (verify before sending),hr@brightspyre.com,brightspyre.com,https://brightspyre.com/careers,
Cloudflare,Pakistan,Anywhere in the World,hr@cloudflare.com,job posting,,,https://weworkremotely.com/remote-jobs/cloudflare-principal-partner-solutions-engineer-saarc-based-in-bangalore,"Principal Partner Solutions Engineer, SAARC (Based in Bangalore)"
Code Ninety,Pakistan,Islamabad,careers@codeninety.com,guessed pattern (verify before sending),hr@codeninety.com,codeninety.com,https://codeninety.com/careers,
Coderisti / Recur,Pakistan,Lahore,careers@recur.com,guessed pattern (verify before sending),hr@recur.com,recur.com,https://recur.com/careers,
Confiz,Pakistan,Lahore,careers@confiz.com,guessed pattern (verify before sending),hr@confiz.com,confiz.com,https://confiz.com/careers,
DevBatch,Pakistan,Lahore,careers@devbatch.com,company website,"hr@devbatch.com, inquiry@devbatch.com",devbatch.com,https://devbatch.com/careers,
Devsinc,Pakistan,Lahore / Islamabad,sales@devsinc.com,known company contact,global.business@devsinc.com,devsinc.com,https://devsinc.com/careers,
DPL,Pakistan,Islamabad,careers@dpl.com.pk,guessed pattern (verify before sending),hr@dpl.com.pk,dpl.com.pk,https://dpl.com.pk/careers,
Dubizzle Labs,Pakistan,Lahore,careers@dubizzlelabs.com,company website,"hr@dubizzlelabs.com, info@dubizzlelabs.com",dubizzlelabs.com,https://dubizzlelabs.com/careers,
Easypaisa,Pakistan,Islamabad,careers@easypaisa.com.pk,company website,"hr@easypaisa.com.pk, info@easypaisa.com.pk, complaints@easypaisa.com.pk",easypaisa.com.pk,https://easypaisa.com.pk/careers,
Elixir Technologies,Pakistan,Islamabad,careers@elixirtech.com,guessed pattern (verify before sending),hr@elixirtech.com,elixirtech.com,https://elixirtech.com/careers,
Empiric,Pakistan,Lahore,careers@empiric.com,guessed pattern (verify before sending),hr@empiric.com,empiric.com,https://empiric.com/careers,
Emumba,Pakistan,Islamabad,careers@emumba.com,guessed pattern (verify before sending),hr@emumba.com,emumba.com,https://emumba.com/careers,
Finja,Pakistan,Lahore,careers@finja.pk,company website,"hr@finja.pk, info@finja.pk",finja.pk,https://finja.pk/careers,
HazenTech,Pakistan,Islamabad,careers@hazentech.com,company website,hr@hazentech.com,hazentech.com,https://hazentech.com/careers,
JazzCash,Pakistan,Islamabad,careers@jazzcash.com.pk,guessed pattern (verify before sending),hr@jazzcash.com.pk,jazzcash.com.pk,https://jazzcash.com.pk/careers,
LaunchDarkly,Pakistan,Anywhere in the World,careers@launchdarkly.com,job posting,hr@launchdarkly.com,,https://weworkremotely.com/remote-jobs/launchdarkly-backend-engineer-flag-delivery,"Backend Engineer, Flag Delivery"
LMKT,Pakistan,Islamabad,careers@lmkt.com,company website,hr@lmkt.com,lmkt.com,https://lmkt.com/careers,
MCB Bank,Pakistan,Lahore,careers@mcb.com.pk,company website,"hr@mcb.com.pk, varun.mody@mcb.com.pk",mcb.com.pk,https://mcb.com.pk/careers,
Nayatel,Pakistan,Islamabad,careers@nayatel.com,company website,"hr@nayatel.com, billing@nayatel.com",nayatel.com,https://nayatel.com/careers,
Netsmartz,Pakistan,Lahore,careers@netsmartz.com,company website,hr@netsmartz.com,netsmartz.com,https://netsmartz.com/careers,
Netsol,Pakistan,Lahore,careers@netsoltech.com,guessed pattern (verify before sending),hr@netsoltech.com,netsoltech.com,https://netsoltech.com/careers,
Nextbridge,Pakistan,Lahore,careers@nextbridge.pk,guessed pattern (verify before sending),hr@nextbridge.pk,nextbridge.pk,https://nextbridge.pk/careers,
Powersoft19,Pakistan,Lahore,careers@powersoft19.com,guessed pattern (verify before sending),hr@powersoft19.com,powersoft19.com,https://powersoft19.com/careers,
PriceOye,Pakistan,Lahore,careers@priceoye.pk,guessed pattern (verify before sending),hr@priceoye.pk,priceoye.pk,https://priceoye.pk/careers,
PTCL,Pakistan,Islamabad,careers@ptcl.com.pk,guessed pattern (verify before sending),hr@ptcl.com.pk,ptcl.com.pk,https://ptcl.com.pk/careers,
PureLogics,Pakistan,Lahore,careers@purelogics.com,company website,"hr@purelogics.com, info@purelogics.com",purelogics.com,https://purelogics.com/careers,
Rolustech,Pakistan,Lahore,careers@rolustech.com,company website,hr@rolustech.com,rolustech.com,https://rolustech.com/careers,
S&P Global Pakistan,Pakistan,Islamabad,careers@spglobal.com,guessed pattern (verify before sending),hr@spglobal.com,spglobal.com,https://spglobal.com/careers,
Sekel Technologies,Pakistan,Lahore,careers@sekeltech.com,guessed pattern (verify before sending),hr@sekeltech.com,sekeltech.com,https://sekeltech.com/careers,
Shophive,Pakistan,Lahore,careers@shophive.com,company website,"hr@shophive.com, jobs@shophive.com, info@shophive.com, ceo@shophive.com, corporate@shophive.com",shophive.com,https://shophive.com/careers,
Speridian Technologies,Pakistan,Islamabad,careers@speridian.com,company website,"hr@speridian.com, info@speridian.com",speridian.com,https://speridian.com/careers,
Techverx,Pakistan,Lahore,careers@techverx.com,company website,"hr@techverx.com, info@techverx.com",techverx.com,https://techverx.com/careers,
Teknobuilt,Pakistan,Islamabad,careers@teknobuilt.com,company website,"hr@teknobuilt.com, info@teknobuilt.com",teknobuilt.com,https://teknobuilt.com/careers,
Thoughtworks,Pakistan,PK / global,careers@thoughtworks.com,known company contact,"info-us@thoughtworks.com, sg-th-sharedservices@thoughtworks.com, backgroundverification-india@thoughtworks.com, hr@thoughtworks.com, jobs@thoughtworks.com, talent@thoughtworks.com, recruiting@thoughtworks.com",thoughtworks.com,https://www.thoughtworks.com/careers/jobs/8052979?gh_jid=8052979,Lead Developer (Python /Node.js +React)
Tkxel,Pakistan,Lahore,careers@tkxel.com,guessed pattern (verify before sending),hr@tkxel.com,tkxel.com,https://tkxel.com/careers,
Ufone,Pakistan,Islamabad,careers@ufone.com,guessed pattern (verify before sending),hr@ufone.com,ufone.com,https://ufone.com/careers,
Zigron,Pakistan,Islamabad,careers@zigron.com,company website,hr@zigron.com,zigron.com,https://zigron.com/careers,
Zong CMPak,Pakistan,Islamabad,careers@zong.com.pk,guessed pattern (verify before sending),hr@zong.com.pk,zong.com.pk,https://zong.com.pk/careers,
Al Jazeera Digital,Qatar,Doha,careers@aljazeera.com,guessed pattern (verify before sending),hr@aljazeera.com,aljazeera.com,https://aljazeera.com/careers,
BeIN Media Group,Qatar,Doha,careers@bein.com,guessed pattern (verify before sending),hr@bein.com,bein.com,https://bein.com/careers,
Commercial Bank Qatar,Qatar,Doha,careers@cbq.qa,guessed pattern (verify before sending),hr@cbq.qa,cbq.qa,https://cbq.qa/careers,
Doha Bank,Qatar,Doha,careers@dohabank.com.qa,company website,"hr@dohabank.com.qa, hellodoha@dohabank.com.qa",dohabank.com.qa,https://dohabank.com.qa/careers,
HBKU / Qatar Foundation IT,Qatar,Doha,careers@hbku.edu.qa,guessed pattern (verify before sending),hr@hbku.edu.qa,hbku.edu.qa,https://hbku.edu.qa/careers,
Malomatia,Qatar,Doha,careers@malomatia.com,company website,"hr@malomatia.com, info@malomatia.com",malomatia.com,https://malomatia.com/careers,
Mannai,Qatar,Doha,careers@mannai.com,company website,"hr@mannai.com, recruitment@mannai.com.qa",mannai.com,https://mannai.com/careers,
Masraf Al Rayan,Qatar,Doha,careers@alrayan.com,company website,"hr@alrayan.com, ari.info@alrayan.com, u003eari.info@alrayan.com, ir@alrayan.com, u003eir@alrayan.com, shareholdersaffairs@alrayan.com, u003eshareholdersaffairs@alrayan.com, tony.merhej@alrayan.com, wecare@alrayan.com, u003ewecare@alrayan.com",alrayan.com,https://alrayan.com/careers,
Meeza,Qatar,Doha,careers@meeza.net,company website,"hr@meeza.net, investors@meeza.net, info@meeza.net",meeza.net,https://meeza.net/careers,
Ooredoo Money,Qatar,Doha,careers@ooredoomoney.com,guessed pattern (verify before sending),hr@ooredoomoney.com,ooredoomoney.com,https://ooredoomoney.com/careers,
QatarEnergy Digital,Qatar,Doha,careers@qatarenergy.qa,guessed pattern (verify before sending),hr@qatarenergy.qa,qatarenergy.qa,https://qatarenergy.qa/careers,
QCRI,Qatar,Doha,careers@qcri.org,guessed pattern (verify before sending),hr@qcri.org,qcri.org,https://qcri.org/careers,
QNB Digital,Qatar,Doha,careers@qnb.com,guessed pattern (verify before sending),hr@qnb.com,qnb.com,https://qnb.com/careers,
Rafeeq,Qatar,Doha / remote,careers@rafeeqapp.com,guessed pattern (verify before sending),hr@rafeeqapp.com,rafeeqapp.com,https://rafeeqapp.com/careers,
Sidra Medicine Digital,Qatar,Doha,careers@sidra.org,company website,"hr@sidra.org, international.services@sidra.org, patientfeedback@sidra.org",sidra.org,https://sidra.org/careers,
Snoonu,Qatar,Doha / remote,careers@snoonu.com,guessed pattern (verify before sending),hr@snoonu.com,snoonu.com,https://snoonu.com/careers,
Vodafone Qatar,Qatar,Doha,careers@vodafone.qa,guessed pattern (verify before sending),hr@vodafone.qa,vodafone.qa,https://vodafone.qa/careers,
Woqod,Qatar,Doha,careers@woqod.com.qa,guessed pattern (verify before sending),hr@woqod.com.qa,woqod.com.qa,https://woqod.com.qa/careers,
Almoayyed Computers,Bahrain,Manama,careers@almoayyed.com,company website,"hr@almoayyed.com, jobs@almoayyed.com, crm@almoayyed.com",almoayyed.com,https://almoayyed.com/careers,
Bahrain FinTech Bay,Bahrain,Manama,careers@bahrainfintechbay.com,guessed pattern (verify before sending),hr@bahrainfintechbay.com,bahrainfintechbay.com,https://bahrainfintechbay.com/careers,
Batelco,Bahrain,Manama,careers@batelco.com,guessed pattern (verify before sending),hr@batelco.com,batelco.com,https://batelco.com/careers,
Benefit,Bahrain,Manama,careers@benefit.bh,guessed pattern (verify before sending),hr@benefit.bh,benefit.bh,https://benefit.bh/careers,
Beyon / Batelco,Bahrain,Manama,careers@beyon.com,guessed pattern (verify before sending),hr@beyon.com,beyon.com,https://beyon.com/careers,
BMMI Group Digital,Bahrain,Manama,careers@bmmi.com,guessed pattern (verify before sending),hr@bmmi.com,bmmi.com,https://bmmi.com/careers,
C5 Accelerate,Bahrain,Manama,careers@c5accelerate.com,guessed pattern (verify before sending),hr@c5accelerate.com,c5accelerate.com,https://c5accelerate.com/careers,
CrediMax,Bahrain,Manama,careers@credimax.com.bh,guessed pattern (verify before sending),hr@credimax.com.bh,credimax.com.bh,https://credimax.com.bh/careers,
Fakhro Electronics,Bahrain,Manama,careers@fakhro.com,company website,"hr@fakhro.com, info@fakhro.com",fakhro.com,https://fakhro.com/careers,
GFH Financial,Bahrain,Manama,careers@gfh.com,guessed pattern (verify before sending),hr@gfh.com,gfh.com,https://gfh.com/careers,
Investcorp,Bahrain,Manama,careers@investcorp.com,company website,"hr@investcorp.com, corpcomms@investcorp.com, investorrelations@investcorp.com, reportcyberfraud@investcorp.com, info@investcorp.com, clientcomplaintsofficer@investcorp.com",investcorp.com,https://investcorp.com/careers,
Ithmaar Bank Digital,Bahrain,Manama,careers@ithmaarbank.com,guessed pattern (verify before sending),hr@ithmaarbank.com,ithmaarbank.com,https://ithmaarbank.com/careers,
Rain Bahrain,Bahrain,Manama,careers@rain.bh,guessed pattern (verify before sending),hr@rain.bh,rain.bh,https://rain.bh/careers,
stc Bahrain,Bahrain,Manama,careers@stc.com.bh,guessed pattern (verify before sending),hr@stc.com.bh,stc.com.bh,https://stc.com.bh/careers,
Tarabut,Bahrain,Manama / remote,careers@tarabut.com,company website,"hr@tarabut.com, info@tarabut.com",tarabut.com,https://tarabut.com/careers,
Tenmou,Bahrain,Manama,careers@tenmou.me,company website,"hr@tenmou.me, info@tenmou.me",tenmou.me,https://tenmou.me/careers,
Agility,Kuwait,Kuwait / remote,careers@agility.com,guessed pattern (verify before sending),hr@agility.com,agility.com,https://agility.com/careers,
Boutiqaat,Kuwait,Kuwait,careers@boutiqaat.com,guessed pattern (verify before sending),hr@boutiqaat.com,boutiqaat.com,https://boutiqaat.com/careers,
Gulf Bank,Kuwait,Kuwait,careers@e-gulfbank.com,guessed pattern (verify before sending),hr@e-gulfbank.com,e-gulfbank.com,https://e-gulfbank.com/careers,
Kuwait Finance House,Kuwait,Kuwait,careers@kfh.com,guessed pattern (verify before sending),hr@kfh.com,kfh.com,https://kfh.com/careers,
MyFatoorah,Kuwait,Kuwait / Bahrain,careers@myfatoorah.com,guessed pattern (verify before sending),hr@myfatoorah.com,myfatoorah.com,https://myfatoorah.com/careers,
NBK Digital,Kuwait,Kuwait,careers@nbk.com,company website,"hr@nbk.com, yourcareer@nbk.com.eg",nbk.com,https://nbk.com/careers,
stc Kuwait,Kuwait,Kuwait,careers@stc.com.kw,guessed pattern (verify before sending),hr@stc.com.kw,stc.com.kw,https://stc.com.kw/careers,
Tap Payments,Kuwait,Kuwait / remote,careers@tap.company,guessed pattern (verify before sending),hr@tap.company,tap.company,https://tap.company/careers,
Zain,Kuwait,Kuwait / remote,careers@zain.com,guessed pattern (verify before sending),hr@zain.com,zain.com,https://zain.com/careers,
Zain Cash,Kuwait,Kuwait / Iraq,careers@zaincash.iq,guessed pattern (verify before sending),hr@zaincash.iq,zaincash.iq,https://zaincash.iq/careers,
Awasr,Oman,Muscat,careers@awasr.om,guessed pattern (verify before sending),hr@awasr.om,awasr.om,https://awasr.om/careers,
Bank Muscat Digital,Oman,Muscat,careers@bankmuscat.com,company website,"hr@bankmuscat.com, care@bankmuscat.com",bankmuscat.com,https://bankmuscat.com/careers,
Oman Arab Bank Digital,Oman,Muscat,careers@oman-arabbank.com,company website,"hr@oman-arabbank.com, career@oman-arabbank.com",oman-arabbank.com,https://oman-arabbank.com/careers,
Omantel,Oman,Muscat,careers@omantel.om,company website,"hr@omantel.om, self.service@omantel.om, u003ebusiness@omantel.om",omantel.om,https://omantel.om/careers,
Ooredoo Oman,Oman,Muscat,careers@ooredoo.om,company website,"hr@ooredoo.om, b2boutbound@ooredoo.om",ooredoo.om,https://ooredoo.om/careers,
AIQ,UAE,Abu Dhabi,careers@aiq.com,company website,"hr@aiq.com, partnerships@aiq.com",aiq.com,https://aiq.com/careers,
Alaan,UAE,Dubai / remote,careers@alaan.com,company website,hr@alaan.com,alaan.com,https://alaan.com/careers,
Barakat,UAE,Dubai,careers@barakatfresh.ae,company website,"hr@barakatfresh.ae, info@barakatfresh.ae",barakatfresh.ae,https://barakatfresh.ae/careers,
Bayanat,UAE,Abu Dhabi,careers@bayanat.ai,guessed pattern (verify before sending),hr@bayanat.ai,bayanat.ai,https://bayanat.ai/careers,
Beehive,UAE,Dubai / remote,careers@beehive.ae,company website,"hr@beehive.ae, info@beehive.ae, sme@beehive.ae, investors@beehive.ae",beehive.ae,https://beehive.ae/careers,
BitOasis,UAE,Dubai / remote,careers@bitoasis.net,guessed pattern (verify before sending),hr@bitoasis.net,bitoasis.net,https://bitoasis.net/careers,
Botim,UAE,Dubai / remote,careers@botim.me,company website,"hr@botim.me, customerservice@botim.me, contact@botim.me",botim.me,https://botim.me/careers,
Cafu,UAE,Dubai,careers@cafu.com,guessed pattern (verify before sending),hr@cafu.com,cafu.com,https://cafu.com/careers,
Cars24 Gulf,UAE,Dubai / remote,careers@cars24.com,guessed pattern (verify before sending),hr@cars24.com,cars24.com,https://cars24.com/careers,
Cartlow,UAE,Dubai / remote,careers@cartlow.com,company website,"hr@cartlow.com, hello@cartlow.com",cartlow.com,https://cartlow.com/careers,
Checkout.com,UAE,Dubai / remote,careers@checkout.com,known company contact,"pr@checkout.com, yourpayments@checkout.com, talent.acquisition@checkout.com",checkout.com,https://checkout.com/careers,
Core42,UAE,Abu Dhabi / remote,careers@core42.ai,guessed pattern (verify before sending),hr@core42.ai,core42.ai,https://core42.ai/careers,
Digital14,UAE,Abu Dhabi,careers@digital14.com,guessed pattern (verify before sending),hr@digital14.com,digital14.com,https://digital14.com/careers,
El Grocer,UAE,Dubai,careers@elgrocer.com,guessed pattern (verify before sending),hr@elgrocer.com,elgrocer.com,https://elgrocer.com/careers,
Emitac,UAE,Dubai,careers@emitac.ae,guessed pattern (verify before sending),hr@emitac.ae,emitac.ae,https://emitac.ae/careers,
G42,UAE,Abu Dhabi / remote,careers@g42.ai,company website,"hr@g42.ai, contact@g42.ai",g42.ai,https://g42.ai/careers,
Intertec Systems,UAE,Dubai,careers@intertec.co,guessed pattern (verify before sending),hr@intertec.co,intertec.co,https://intertec.co/careers,
Jawaker,UAE,Dubai / remote,careers@jawaker.com,guessed pattern (verify before sending),hr@jawaker.com,jawaker.com,https://jawaker.com/careers,
Kibsons,UAE,Dubai,careers@kibsons.com,guessed pattern (verify before sending),hr@kibsons.com,kibsons.com,https://kibsons.com/careers,
Magnati,UAE,Abu Dhabi,careers@magnati.com,guessed pattern (verify before sending),hr@magnati.com,magnati.com,https://magnati.com/careers,
Magnitt,UAE,Dubai / remote,careers@magnitt.com,company website,"hr@magnitt.com, info@magnitt.com",magnitt.com,https://magnitt.com/careers,
MBC Group / Shahid,UAE,Dubai,careers@mbc.net,company website,"hr@mbc.net, care@mbc.net, contact@mbc.net, investor.relations@mbc.net",mbc.net,https://mbc.net/careers,
Mumzworld,UAE,Dubai,careers@mumzworld.com,guessed pattern (verify before sending),hr@mumzworld.com,mumzworld.com,https://mumzworld.com/careers,
Namshi,UAE,Dubai,careers@namshi.com,guessed pattern (verify before sending),hr@namshi.com,namshi.com,https://namshi.com/careers,
Network International,UAE,Dubai,careers@network.global,guessed pattern (verify before sending),hr@network.global,network.global,https://network.global/careers,
Now Money,UAE,Dubai / remote,careers@nowmoney.me,company website,"hr@nowmoney.me, pr@nowmoney.me, recruitment@nowmoney.me",nowmoney.me,https://nowmoney.me/careers,
NymCard,UAE,Abu Dhabi / remote,careers@nymcard.com,guessed pattern (verify before sending),hr@nymcard.com,nymcard.com,https://nymcard.com/careers,
PayBy,UAE,Dubai / remote,careers@payby.com,guessed pattern (verify before sending),hr@payby.com,payby.com,https://payby.com/careers,
Postpay,UAE,Dubai / remote,careers@postpay.io,guessed pattern (verify before sending),hr@postpay.io,postpay.io,https://postpay.io/careers,
Presight,UAE,Abu Dhabi / remote,careers@presight.ai,guessed pattern (verify before sending),hr@presight.ai,presight.ai,https://presight.ai/careers,
Pure Harvest,UAE,Abu Dhabi,careers@pureharvest.ae,guessed pattern (verify before sending),hr@pureharvest.ae,pureharvest.ae,https://pureharvest.ae/careers,
Qashio,UAE,Dubai / remote,careers@qashio.com,company website,hr@qashio.com,qashio.com,https://qashio.com/careers,
RemotePass,UAE,Dubai / remote,careers@remotepass.com,guessed pattern (verify before sending),hr@remotepass.com,remotepass.com,https://remotepass.com/careers,
Shipa,UAE,Dubai,careers@shipa.com,guessed pattern (verify before sending),hr@shipa.com,shipa.com,https://shipa.com/careers,
Silal,UAE,Abu Dhabi / remote,careers@silal.ae,guessed pattern (verify before sending),hr@silal.ae,silal.ae,https://silal.ae/careers,
SmartCrowd,UAE,Dubai,careers@smartcrowd.ae,guessed pattern (verify before sending),hr@smartcrowd.ae,smartcrowd.ae,https://smartcrowd.ae/careers,
Starzplay,UAE,Dubai / remote,careers@starzplay.com,guessed pattern (verify before sending),hr@starzplay.com,starzplay.com,https://starzplay.com/careers,
Tajawal,UAE,Dubai / remote,careers@tajawal.com,guessed pattern (verify before sending),hr@tajawal.com,tajawal.com,https://tajawal.com/careers,
Telr,UAE,Dubai / remote,careers@telr.com,company website,"hr@telr.com, partner@telr.com",telr.com,https://telr.com/careers,
Trukker,UAE,Dubai / remote,careers@trukker.com,company website,"hr@trukker.com, career@trukker.com",trukker.com,https://trukker.com/careers,
Wahed,UAE,Dubai / remote,careers@wahed.com,guessed pattern (verify before sending),hr@wahed.com,wahed.com,https://wahed.com/careers,
YAP,UAE,Dubai / remote,careers@yap.com,guessed pattern (verify before sending),hr@yap.com,yap.com,https://yap.com/careers,
Yellow Door Energy,UAE,Dubai,careers@yellowdoorenergy.com,guessed pattern (verify before sending),hr@yellowdoorenergy.com,yellowdoorenergy.com,https://yellowdoorenergy.com/careers,
Almosafer,KSA,Riyadh / remote,careers@almosafer.com,company website,"hr@almosafer.com, u003ecareers@almosafer.com",almosafer.com,https://almosafer.com/careers,
Elm,KSA,Riyadh / remote,careers@elm.sa,guessed pattern (verify before sending),hr@elm.sa,elm.sa,https://elm.sa/careers,
Flynas Digital,KSA,Riyadh,careers@flynas.com,guessed pattern (verify before sending),hr@flynas.com,flynas.com,https://flynas.com/careers,
Hala,KSA,Riyadh / remote,careers@halacards.com,company website,"hr@halacards.com, salam@halacards.com",halacards.com,https://halacards.com/careers,
Lucidya,KSA,Riyadh / remote,careers@lucidya.com,company website,"hr@lucidya.com, adedic@lucidya.com, ai-report@lucidya.com",lucidya.com,https://lucidya.com/careers,
Mobily,KSA,Riyadh,careers@mobily.com.sa,guessed pattern (verify before sending),hr@mobily.com.sa,mobily.com.sa,https://mobily.com.sa/careers,
Mostaql,KSA,Riyadh / remote,careers@mostaql.com,guessed pattern (verify before sending),hr@mostaql.com,mostaql.com,https://mostaql.com/careers,
Moyasar,KSA,Riyadh / remote,careers@moyasar.com,guessed pattern (verify before sending),hr@moyasar.com,moyasar.com,https://moyasar.com/careers,
Mrsool,KSA,Riyadh / remote,careers@mrsool.co,guessed pattern (verify before sending),hr@mrsool.co,mrsool.co,https://mrsool.co/careers,
Nana,KSA,Riyadh / remote,careers@nana.sa,company website,hr@nana.sa,nana.sa,https://nana.sa/careers,
Nearpay,KSA,Riyadh / remote,careers@nearpay.io,guessed pattern (verify before sending),hr@nearpay.io,nearpay.io,https://nearpay.io/careers,
NEOM,KSA,NEOM / remote,careers@neom.com,guessed pattern (verify before sending),hr@neom.com,neom.com,https://neom.com/careers,
Ninja KSA,KSA,Riyadh,careers@ninja.sa,guessed pattern (verify before sending),hr@ninja.sa,ninja.sa,https://ninja.sa/careers,
Qiddiya,KSA,Riyadh,careers@qiddiya.com,guessed pattern (verify before sending),hr@qiddiya.com,qiddiya.com,https://qiddiya.com/careers,
QnE,KSA,Riyadh,careers@qne.com.sa,company website,"hr@qne.com.sa, info@qne.com.sa",qne.com.sa,https://qne.com.sa/careers,
Red Sea Global,KSA,Jeddah / remote,careers@redseaglobal.com,guessed pattern (verify before sending),hr@redseaglobal.com,redseaglobal.com,https://redseaglobal.com/careers,
Sary,KSA,Riyadh / remote,careers@sary.com,guessed pattern (verify before sending),hr@sary.com,sary.com,https://sary.com/careers,
Saudi Aramco Digital,KSA,Dhahran,careers@aramco.com,guessed pattern (verify before sending),hr@aramco.com,aramco.com,https://aramco.com/careers,
Saudi Payments / mada,KSA,Riyadh,careers@saudipayments.com,guessed pattern (verify before sending),hr@saudipayments.com,saudipayments.com,https://saudipayments.com/careers,
SDAIA,KSA,Riyadh,careers@sdaia.gov.sa,guessed pattern (verify before sending),hr@sdaia.gov.sa,sdaia.gov.sa,https://sdaia.gov.sa/careers,
Seera,KSA,Riyadh,careers@seera.sa,company website,"hr@seera.sa, investors@seera.sa",seera.sa,https://seera.sa/careers,
Solutions by stc,KSA,Riyadh,careers@solutions.com.sa,guessed pattern (verify before sending),hr@solutions.com.sa,solutions.com.sa,https://solutions.com.sa/careers,
Soum,KSA,Riyadh / remote,careers@soum.sa,guessed pattern (verify before sending),hr@soum.sa,soum.sa,https://soum.sa/careers,
stc pay,KSA,Riyadh,careers@stcpay.com.sa,guessed pattern (verify before sending),hr@stcpay.com.sa,stcpay.com.sa,https://stcpay.com.sa/careers,
Tamkeen Technologies,KSA,Riyadh,careers@tamkeentech.sa,company website,"hr@tamkeentech.sa, info@tamkeentech.sa",tamkeentech.sa,https://tamkeentech.sa/careers,
The Chefz,KSA,Riyadh,careers@thechefz.co,guessed pattern (verify before sending),hr@thechefz.co,thechefz.co,https://thechefz.co/careers,
ToYou,KSA,Riyadh,careers@toyou.io,guessed pattern (verify before sending),hr@toyou.io,toyou.io,https://toyou.io/careers,
Zain KSA,KSA,Riyadh,careers@sa.zain.com,guessed pattern (verify before sending),hr@sa.zain.com,sa.zain.com,https://sa.zain.com/careers,
Bosta,Egypt,Cairo / remote,careers@bosta.co,guessed pattern (verify before sending),hr@bosta.co,bosta.co,https://bosta.co/careers,
Breadfast,Egypt,Cairo / remote,careers@breadfast.com,company website,"hr@breadfast.com, inquiries@breadfast.com",breadfast.com,https://breadfast.com/careers,
Cequens,Egypt,Cairo / remote,careers@cequens.com,company website,"hr@cequens.com, hello@cequens.com",cequens.com,https://cequens.com/careers,
DSquares,Egypt,Cairo / remote,careers@dsquares.com,guessed pattern (verify before sending),hr@dsquares.com,dsquares.com,https://dsquares.com/careers,
Elmenus,Egypt,Cairo,careers@elmenus.com,company website,"hr@elmenus.com, guest@elmenus.com",elmenus.com,https://elmenus.com/careers,
Flat6Labs,Egypt,Cairo / remote,careers@flat6labs.com,company website,hr@flat6labs.com,flat6labs.com,https://flat6labs.com/careers,
Giza Systems,Egypt,Cairo,careers@gizasystems.com,guessed pattern (verify before sending),hr@gizasystems.com,gizasystems.com,https://gizasystems.com/careers,
Halan / MNT-Halan,Egypt,Cairo,careers@halan.com,company website,"hr@halan.com, info@halan.com",halan.com,https://halan.com/careers,
Incorta,Egypt,Cairo / remote,careers@incorta.com,company website,"hr@incorta.com, info@incorta.com",incorta.com,https://incorta.com/careers,
Instant,Egypt,Cairo,careers@instant.com,guessed pattern (verify before sending),hr@instant.com,instant.com,https://instant.com/careers,
ITWorx,Egypt,Cairo / remote,careers@itworx.com,guessed pattern (verify before sending),hr@itworx.com,itworx.com,https://itworx.com/careers,
Khazna,Egypt,Cairo / remote,careers@khazna.app,guessed pattern (verify before sending),hr@khazna.app,khazna.app,https://khazna.app/careers,
Link Development,Egypt,Cairo / remote,careers@linkdev.com,guessed pattern (verify before sending),hr@linkdev.com,linkdev.com,https://linkdev.com/careers,
Money Fellows,Egypt,Cairo / remote,careers@moneyfellows.com,guessed pattern (verify before sending),hr@moneyfellows.com,moneyfellows.com,https://moneyfellows.com/careers,
Paymob Accept,Egypt,Cairo / remote,careers@accept.paymob.com,guessed pattern (verify before sending),hr@accept.paymob.com,accept.paymob.com,https://accept.paymob.com/careers,
Rabbit Mart,Egypt,Cairo,careers@rabbitmart.com,guessed pattern (verify before sending),hr@rabbitmart.com,rabbitmart.com,https://rabbitmart.com/careers,
Raya,Egypt,Cairo,careers@rayacorp.com,company website,"hr@rayacorp.com, info@rayacorp.com, fmcg@rayacorp.com, rayait_info@rayacorp.com",rayacorp.com,https://rayacorp.com/careers,
Synapse Analytics,Egypt,Cairo / remote,careers@synapse-analytics.io,guessed pattern (verify before sending),hr@synapse-analytics.io,synapse-analytics.io,https://synapse-analytics.io/careers,
Telda,Egypt,Cairo / remote,careers@telda.app,guessed pattern (verify before sending),hr@telda.app,telda.app,https://telda.app/careers,
Trella,Egypt,Cairo / remote,careers@trella.app,guessed pattern (verify before sending),hr@trella.app,trella.app,https://trella.app/careers,
Valeo Egypt,Egypt,Cairo / remote,careers@valeo.com,guessed pattern (verify before sending),hr@valeo.com,valeo.com,https://valeo.com/careers,
Valify,Egypt,Cairo / remote,careers@valify.me,company website,"hr@valify.me, info@valify.me",valify.me,https://valify.me/careers,
Vodafone Egypt,Egypt,Cairo,careers@vodafone.com.eg,guessed pattern (verify before sending),hr@vodafone.com.eg,vodafone.com.eg,https://vodafone.com.eg/careers,
Abwaab,Jordan,Amman / remote,careers@abwaab.com,guessed pattern (verify before sending),hr@abwaab.com,abwaab.com,https://abwaab.com/careers,
ArabiaWeather,Jordan,Amman,careers@arabiaweather.com,company website,"hr@arabiaweather.com, helpdesk@arabiaweather.com, advertising@arabiaweather.com, stations@arabiaweather.com",arabiaweather.com,https://arabiaweather.com/careers,
Estarta,Jordan,Amman,careers@estarta.com,company website,"hr@estarta.com, info@estarta.com",estarta.com,https://estarta.com/careers,
MadfooatCom,Jordan,Amman / remote,careers@madfooat.com,guessed pattern (verify before sending),hr@madfooat.com,madfooat.com,https://madfooat.com/careers,
Mawdoo3,Jordan,Amman / remote,careers@mawdoo3.com,guessed pattern (verify before sending),hr@mawdoo3.com,mawdoo3.com,https://mawdoo3.com/careers,
OpenSooq,Jordan,Amman / remote,careers@opensooq.com,guessed pattern (verify before sending),hr@opensooq.com,opensooq.com,https://opensooq.com/careers,
ProgressSoft,Jordan,Amman / remote,careers@progressoft.com,company website,"hr@progressoft.com, info@progressoft.com",progressoft.com,https://progressoft.com/careers,
ZenHR,Jordan,Amman / remote,careers@zenhr.com,guessed pattern (verify before sending),hr@zenhr.com,zenhr.com,https://zenhr.com/careers,
Murex,Lebanon,Beirut / remote,careers@murex.com,company website,"hr@murex.com, website@murex.com",murex.com,https://murex.com/careers,
Anghami,MENA,Beirut / Dubai,careers@anghami.com,guessed pattern (verify before sending),hr@anghami.com,anghami.com,https://anghami.com/careers,
AppsFlyer,MENA,Tel Aviv / remote,careers@appsflyer.com,company website,"hr@appsflyer.com, agency@appsflyer.com, globalops@appsflyer.com, partners@appsflyer.com, liron.or@appsflyer.com",appsflyer.com,https://appsflyer.com/careers,
Bayut,MENA,Dubai,careers@bayut.com,guessed pattern (verify before sending),hr@bayut.com,bayut.com,https://bayut.com/careers,
Bayzat,MENA,Dubai,careers@bayzat.com,company website,"hr@bayzat.com, recruitment@bayzat.com",bayzat.com,https://bayzat.com/careers,
Delivery Hero,MENA,Dubai / Berlin,careers@deliveryhero.com,known company contact,,deliveryhero.com,https://deliveryhero.com/careers,
Dubizzle Group,MENA,Dubai,careers@dubizzle.com,guessed pattern (verify before sending),hr@dubizzle.com,dubizzle.com,https://dubizzle.com/careers,
e& / Etisalat,MENA,Abu Dhabi,careers@eand.com,guessed pattern (verify before sending),hr@eand.com,eand.com,https://eand.com/careers,
Emirates Group IT,MENA,Dubai,careers@emirates.com,company website,"hr@emirates.com, pr@emirates.com, buerrek2@emirates.com, saorrek@emirates.com",emirates.com,https://emirates.com/careers,
Fawry,MENA,Cairo,careers@fawry.com,guessed pattern (verify before sending),hr@fawry.com,fawry.com,https://fawry.com/careers,
Fiverr,MENA,Tel Aviv / remote,careers@fiverr.com,guessed pattern (verify before sending),hr@fiverr.com,fiverr.com,https://fiverr.com/careers,
Folio3 UAE/PK,MENA,Dubai / Karachi,careers@folio3.ae,guessed pattern (verify before sending),hr@folio3.ae,folio3.ae,https://folio3.ae/careers,
Foodics,MENA,Riyadh,careers@foodics.com,company website,"hr@foodics.com, info@foodics.com",foodics.com,https://foodics.com/careers,
Fresha,MENA,Dubai / remote,careers@fresha.com,company website,"hr@fresha.com, jobs@fresha.com",fresha.com,https://fresha.com/careers,
Geidea,MENA,Riyadh,careers@geidea.net,guessed pattern (verify before sending),hr@geidea.net,geidea.net,https://geidea.net/careers,
HungerStation,MENA,Riyadh,careers@hungerstation.com,guessed pattern (verify before sending),hr@hungerstation.com,hungerstation.com,https://hungerstation.com/careers,
Huspy,MENA,Dubai,careers@huspy.com,company website,"hr@huspy.com, hi@huspy.com",huspy.com,https://huspy.com/careers,
HyperPay,MENA,Riyadh,careers@hyperpay.com,guessed pattern (verify before sending),hr@hyperpay.com,hyperpay.com,https://hyperpay.com/careers,
Instabug,MENA,Cairo / remote,careers@instabug.com,guessed pattern (verify before sending),hr@instabug.com,instabug.com,https://instabug.com/careers,
Jahez,MENA,Riyadh,careers@jahezgroup.com,guessed pattern (verify before sending),hr@jahezgroup.com,jahezgroup.com,https://jahezgroup.com/careers,
Kitopi,MENA,Dubai,careers@kitopi.com,company website,"hr@kitopi.com, info@kitopi.com, nouha@kitopi.com",kitopi.com,https://kitopi.com/careers,
Lean Technologies,MENA,Riyadh,careers@leantech.me,guessed pattern (verify before sending),hr@leantech.me,leantech.me,https://leantech.me/careers,
Lightricks,MENA,Jerusalem / remote,careers@lightricks.com,guessed pattern (verify before sending),hr@lightricks.com,lightricks.com,https://lightricks.com/careers,
MaxAB,MENA,Cairo,careers@maxab.io,company website,"hr@maxab.io, info@maxab.io",maxab.io,https://maxab.io/careers,
Melio,MENA,Tel Aviv / remote,careers@meliopayments.com,guessed pattern (verify before sending),hr@meliopayments.com,meliopayments.com,https://meliopayments.com/careers,
Monday.com,MENA,Tel Aviv / remote,careers@monday.com,company website,"hr@monday.com, accessibility@monday.com",monday.com,https://monday.com/careers,
Noon,MENA,Dubai / Riyadh,careers@noon.com,guessed pattern (verify before sending),hr@noon.com,noon.com,https://noon.com/careers,
Ooredoo,MENA,Doha,careers@ooredoo.com,guessed pattern (verify before sending),hr@ooredoo.com,ooredoo.com,https://ooredoo.com/careers,
Paymob,MENA,Cairo,careers@paymob.com,guessed pattern (verify before sending),hr@paymob.com,paymob.com,https://paymob.com/careers,
PayTabs,MENA,Riyadh / Bahrain,careers@paytabs.com,guessed pattern (verify before sending),hr@paytabs.com,paytabs.com,https://paytabs.com/careers,
Property Finder,MENA,Dubai,careers@propertyfinder.ae,guessed pattern (verify before sending),hr@propertyfinder.ae,propertyfinder.ae,https://propertyfinder.ae/careers,
Qatar Airways IT,MENA,Doha,careers@qatarairways.com,guessed pattern (verify before sending),hr@qatarairways.com,qatarairways.com,https://qatarairways.com/careers,
Qlub,MENA,Dubai,careers@qlub.io,company website,"hr@qlub.io, info-xx@qlub.io, info@qlub.io, info-sa@qlub.io, info-kw@qlub.io, info-qa@qlub.io, info-au@qlub.io, info-sg@qlub.io, info-my@qlub.io, info-hk@qlub.io, info-kr@qlub.io, info-br@qlub.io, info-us@qlub.io, info.bh@qlub.io, info.eg@qlub.io, info.jo@qlub.io",qlub.io,https://qlub.io/careers,
Riskified,MENA,Tel Aviv / remote,careers@riskified.com,guessed pattern (verify before sending),hr@riskified.com,riskified.com,https://riskified.com/careers,
Salla,MENA,Riyadh,careers@salla.sa,guessed pattern (verify before sending),hr@salla.sa,salla.sa,https://salla.sa/careers,
Sarwa,MENA,Dubai,careers@sarwa.co,guessed pattern (verify before sending),hr@sarwa.co,sarwa.co,https://sarwa.co/careers,
Similarweb,MENA,Tel Aviv / remote,careers@similarweb.com,guessed pattern (verify before sending),hr@similarweb.com,similarweb.com,https://similarweb.com/careers,
STC,MENA,Riyadh,careers@stc.com.sa,guessed pattern (verify before sending),hr@stc.com.sa,stc.com.sa,https://stc.com.sa/careers,
Swvl,MENA,Cairo / Dubai,careers@swvl.com,guessed pattern (verify before sending),hr@swvl.com,swvl.com,https://swvl.com/careers,
Tabby,MENA,Riyadh / Dubai,careers@tabby.ai,guessed pattern (verify before sending),hr@tabby.ai,tabby.ai,https://tabby.ai/careers,
Talabat,MENA,Dubai,careers@talabat.com,guessed pattern (verify before sending),hr@talabat.com,talabat.com,https://talabat.com/careers,
Tamara,MENA,Riyadh,careers@tamara.co,guessed pattern (verify before sending),hr@tamara.co,tamara.co,https://tamara.co/careers,
Tipalti,MENA,Tel Aviv / remote,careers@tipalti.com,company website,"hr@tipalti.com, contact@tipalti.com",tipalti.com,https://tipalti.com/careers,
Unifonic,MENA,Riyadh,careers@unifonic.com,guessed pattern (verify before sending),hr@unifonic.com,unifonic.com,https://unifonic.com/careers,
Vezeeta,MENA,Cairo,careers@vezeeta.com,guessed pattern (verify before sending),hr@vezeeta.com,vezeeta.com,https://vezeeta.com/careers,
Wio Bank,MENA,Abu Dhabi,careers@wio.io,guessed pattern (verify before sending),hr@wio.io,wio.io,https://wio.io/careers,
Wix,MENA,Tel Aviv / remote,careers@wix.com,guessed pattern (verify before sending),hr@wix.com,wix.com,https://wix.com/careers,
Zid,MENA,Riyadh,careers@zid.sa,guessed pattern (verify before sending),hr@zid.sa,zid.sa,https://zid.sa/careers,
Advance.AI,Singapore,Singapore / remote,careers@advance.ai,guessed pattern (verify before sending),hr@advance.ai,advance.ai,https://advance.ai/careers,
Aspire,Singapore,Singapore / remote,careers@aspireapp.com,company website,"hr@aspireapp.com, singapore-dpo@aspireapp.com",aspireapp.com,https://aspireapp.com/careers,
Carousell,Singapore,Singapore / remote,careers@carousell.com,guessed pattern (verify before sending),hr@carousell.com,carousell.com,https://carousell.com/careers,
Carro,Singapore,Singapore,careers@carro.co,guessed pattern (verify before sending),hr@carro.co,carro.co,https://carro.co/careers,
Circles.Life,Singapore,Singapore / remote,careers@circles.life,guessed pattern (verify before sending),hr@circles.life,circles.life,https://circles.life/careers,
Coda Payments,Singapore,Singapore,careers@codapayments.com,guessed pattern (verify before sending),hr@codapayments.com,codapayments.com,https://codapayments.com/careers,
Endowus,Singapore,Singapore,careers@endowus.com,guessed pattern (verify before sending),hr@endowus.com,endowus.com,https://endowus.com/careers,
FinAccel,Singapore,Singapore / remote,careers@finaccel.com,guessed pattern (verify before sending),hr@finaccel.com,finaccel.com,https://finaccel.com/careers,
Foodpanda APAC,Singapore,Singapore / remote,careers@foodpanda.com,guessed pattern (verify before sending),hr@foodpanda.com,foodpanda.com,https://foodpanda.com/careers,
Funding Societies,Singapore,Singapore / remote,careers@fundingsocieties.com,guessed pattern (verify before sending),hr@fundingsocieties.com,fundingsocieties.com,https://fundingsocieties.com/careers,
Grab,Singapore,Singapore / remote,careers@grab.com,guessed pattern (verify before sending),hr@grab.com,grab.com,https://grab.com/careers,
Lazada,Singapore,Singapore / remote,careers@lazada.com,guessed pattern (verify before sending),hr@lazada.com,lazada.com,https://lazada.com/careers,
Ninja Van,Singapore,Singapore / remote,careers@ninjavan.co,company website,"hr@ninjavan.co, shippercare_sg@ninjavan.co, sg-coe-comms@ninjavan.co",ninjavan.co,https://ninjavan.co/careers,
Nium,Singapore,Singapore / remote,careers@nium.com,company website,"hr@nium.com, ir@nium.com",nium.com,https://nium.com/careers,
Paktor,Singapore,Singapore,careers@paktor.com,guessed pattern (verify before sending),hr@paktor.com,paktor.com,https://paktor.com/careers,
PatSnap,Singapore,Singapore,careers@patsnap.com,guessed pattern (verify before sending),hr@patsnap.com,patsnap.com,https://patsnap.com/careers,
PropertyGuru,Singapore,Singapore / remote,careers@propertyguru.com,guessed pattern (verify before sending),hr@propertyguru.com,propertyguru.com,https://propertyguru.com/careers,
Sea Group,Singapore,Singapore,careers@sea.com,company website,"hr@sea.com, ir@sea.com, partnership@sea.com",sea.com,https://sea.com/careers,
ShopBack,Singapore,Singapore / remote,careers@shopback.com,guessed pattern (verify before sending),hr@shopback.com,shopback.com,https://shopback.com/careers,
Shopee,Singapore,Singapore / remote,careers@shopee.com,guessed pattern (verify before sending),hr@shopee.com,shopee.com,https://shopee.com/careers,
Sleek,Singapore,Singapore / remote,careers@sleek.com,guessed pattern (verify before sending),hr@sleek.com,sleek.com,https://sleek.com/careers,
StraitsX,Singapore,Singapore / remote,careers@straitsx.com,guessed pattern (verify before sending),hr@straitsx.com,straitsx.com,https://straitsx.com/careers,
Validus,Singapore,Singapore / remote,careers@validus.sg,guessed pattern (verify before sending),hr@validus.sg,validus.sg,https://validus.sg/careers,
Zalora,Singapore,Singapore / remote,careers@zalora.com,guessed pattern (verify before sending),hr@zalora.com,zalora.com,https://zalora.com/careers,
AirAsia Digital,Malaysia,Kuala Lumpur / remote,careers@airasia.com,guessed pattern (verify before sending),hr@airasia.com,airasia.com,https://airasia.com/careers,
BigPay,Malaysia,Kuala Lumpur / remote,careers@bigpayme.com,guessed pattern (verify before sending),hr@bigpayme.com,bigpayme.com,https://bigpayme.com/careers,
Boost,Malaysia,Kuala Lumpur,careers@myboost.com.my,guessed pattern (verify before sending),hr@myboost.com.my,myboost.com.my,https://myboost.com.my/careers,
Carsome,Malaysia,Kuala Lumpur / remote,careers@carsome.my,guessed pattern (verify before sending),hr@carsome.my,carsome.my,https://carsome.my/careers,
EasyStore,Malaysia,Kuala Lumpur / remote,careers@easystore.co,guessed pattern (verify before sending),hr@easystore.co,easystore.co,https://easystore.co/careers,
Fave,Malaysia,Kuala Lumpur / remote,careers@myfave.com,guessed pattern (verify before sending),hr@myfave.com,myfave.com,https://myfave.com/careers,
GXBank,Malaysia,Kuala Lumpur,careers@gxbank.my,guessed pattern (verify before sending),hr@gxbank.my,gxbank.my,https://gxbank.my/careers,
iPay88,Malaysia,Kuala Lumpur,careers@ipay88.com,guessed pattern (verify before sending),hr@ipay88.com,ipay88.com,https://ipay88.com/careers,
JobStreet / SEEK Asia,Malaysia,Kuala Lumpur / remote,careers@jobstreet.com,guessed pattern (verify before sending),hr@jobstreet.com,jobstreet.com,https://jobstreet.com/careers,
MoneyLion Malaysia,Malaysia,Kuala Lumpur / remote,careers@moneylion.com,company website,"hr@moneylion.com, customercare@moneylion.com, -customercare@moneylion.com",moneylion.com,https://moneylion.com/careers,
Mudah,Malaysia,Kuala Lumpur,careers@mudah.my,guessed pattern (verify before sending),hr@mudah.my,mudah.my,https://mudah.my/careers,
PitchIN,Malaysia,Kuala Lumpur,careers@pitchin.my,guessed pattern (verify before sending),hr@pitchin.my,pitchin.my,https://pitchin.my/careers,
StoreHub,Malaysia,Kuala Lumpur / remote,careers@storehub.com,guessed pattern (verify before sending),hr@storehub.com,storehub.com,https://storehub.com/careers,
Teleport,Malaysia,Kuala Lumpur / remote,careers@teleport.asia,guessed pattern (verify before sending),hr@teleport.asia,teleport.asia,https://teleport.asia/careers,
Touch 'n Go Digital,Malaysia,Kuala Lumpur,careers@tngdigital.com.my,guessed pattern (verify before sending),hr@tngdigital.com.my,tngdigital.com.my,https://tngdigital.com.my/careers,
Adevinta,Europe,Barcelona / remote,careers@adevinta.com,company website,"hr@adevinta.com, contact@adevinta.com",adevinta.com,https://adevinta.com/careers,
Adyen,Europe,Amsterdam / remote,careers@adyen.com,guessed pattern (verify before sending),hr@adyen.com,adyen.com,https://adyen.com/careers,
Aircall,Europe,Paris / remote,careers@aircall.io,company website,hr@aircall.io,aircall.io,https://aircall.io/careers,
Aiven,Europe,Helsinki / remote,careers@aiven.io,company website,"hr@aiven.io, recruitment@aiven.io",aiven.io,https://aiven.io/careers,
Ajax Systems,Europe,Kyiv / remote,careers@ajax.systems,company website,hr@ajax.systems,ajax.systems,https://ajax.systems/careers,
Alan,Europe,Paris / remote,careers@alan.com,company website,"hr@alan.com, contact@alan.com",alan.com,https://alan.com/careers,
Aleph Alpha,Europe,Heidelberg / remote,careers@aleph-alpha.com,guessed pattern (verify before sending),hr@aleph-alpha.com,aleph-alpha.com,https://aleph-alpha.com/careers,
Algolia,Europe,Paris / remote,careers@algolia.com,company website,"hr@algolia.com, partners@algolia.com, billing@algolia.com",algolia.com,https://algolia.com/careers,
Attio,Europe,London / remote,careers@attio.com,guessed pattern (verify before sending),hr@attio.com,attio.com,https://attio.com/careers,
AUTO1,Europe,Berlin / remote,careers@auto1-group.com,company website,"hr@auto1-group.com, info@auto1-group.com, ir@auto1-group.com, hr-be@auto1.com, hr-see@auto1.com, hr-dk@auto1.com, talentacquisition_hq@auto1.com, recruitment-nl@auto1.com",auto1-group.com,https://auto1-group.com/careers,
Back Market,Europe,Paris / remote,careers@backmarket.com,guessed pattern (verify before sending),hr@backmarket.com,backmarket.com,https://backmarket.com/careers,
Backbase,Europe,Amsterdam / remote,careers@backbase.com,guessed pattern (verify before sending),hr@backbase.com,backbase.com,https://backbase.com/careers,
Bird,Europe,Amsterdam / remote,careers@bird.com,company website,hr@bird.com,bird.com,https://bird.com/careers,
Bitdefender,Europe,Bucharest / remote,careers@bitdefender.com,guessed pattern (verify before sending),hr@bitdefender.com,bitdefender.com,https://bitdefender.com/careers,
Bitpanda,Europe,Vienna / remote,careers@bitpanda.com,guessed pattern (verify before sending),hr@bitpanda.com,bitpanda.com,https://bitpanda.com/careers,
Bitstamp,Europe,Luxembourg / remote,careers@bitstamp.net,guessed pattern (verify before sending),hr@bitstamp.net,bitstamp.net,https://bitstamp.net/careers,
BlaBlaCar,Europe,Paris / remote,careers@blablacar.com,guessed pattern (verify before sending),hr@blablacar.com,blablacar.com,https://blablacar.com/careers,
Bol.com,Europe,Utrecht / remote,careers@bol.com,guessed pattern (verify before sending),hr@bol.com,bol.com,https://bol.com/careers,
Bolt,Europe,Tallinn / remote,careers@bolt.eu,guessed pattern (verify before sending),hr@bolt.eu,bolt.eu,https://bolt.eu/careers,
Booking.com,Europe,Amsterdam / remote,careers@booking.com,guessed pattern (verify before sending),hr@booking.com,booking.com,https://booking.com/careers,
Bunny.net,Europe,Slovenia / remote,careers@bunny.net,company website,"hr@bunny.net, hello@bunny.net",bunny.net,https://bunny.net/careers,
Bunq,Europe,Amsterdam / remote,careers@bunq.com,company website,hr@bunq.com,bunq.com,https://bunq.com/careers,
Cabify,Europe,Madrid / remote,careers@cabify.com,guessed pattern (verify before sending),hr@cabify.com,cabify.com,https://cabify.com/careers,
Cal.com,Europe,Europe / remote,careers@cal.com,guessed pattern (verify before sending),hr@cal.com,cal.com,https://cal.com/careers,
Celonis,Europe,Munich / remote,careers@celonis.com,company website,"hr@celonis.com, info@celonis.com",celonis.com,https://celonis.com/careers,
Cleo,Europe,London / remote,careers@meetcleo.com,guessed pattern (verify before sending),hr@meetcleo.com,meetcleo.com,https://meetcleo.com/careers,
Cognite,Europe,Oslo / remote,careers@cognite.com,guessed pattern (verify before sending),hr@cognite.com,cognite.com,https://cognite.com/careers,
Contentful,Europe,Berlin / remote,careers@contentful.com,guessed pattern (verify before sending),hr@contentful.com,contentful.com,https://contentful.com/careers,
Contentsquare,Europe,Paris / remote,careers@contentsquare.com,company website,"hr@contentsquare.com, people.ops@contentsquare.com, contact-fr@contentsquare.com, contact-uk@contentsquare.com, contact-us@contentsquare.com, contact-ita@contentsquare.com",contentsquare.com,https://contentsquare.com/careers,
Coolblue,Europe,Rotterdam / remote,careers@coolblue.nl,guessed pattern (verify before sending),hr@coolblue.nl,coolblue.nl,https://coolblue.nl/careers,
Criteo,Europe,Paris / remote,careers@criteo.com,guessed pattern (verify before sending),hr@criteo.com,criteo.com,https://criteo.com/careers,
CrowdStrike,Europe,"Germany,  Ireland,  Israel,  Romania,  UK",recruiting@crowdstrike.com,job posting,,,https://jobicy.com/jobs/145057-sr-security-researcher-ii-remote-deu,"Sr. Security Researcher II (Remote, DEU)"
Curve,Europe,London / remote,careers@curve.com,guessed pattern (verify before sending),hr@curve.com,curve.com,https://curve.com/careers,
Darktrace,Europe,Cambridge / remote,careers@darktrace.com,company website,hr@darktrace.com,darktrace.com,https://darktrace.com/careers,
Dashlane,Europe,Paris / remote,careers@dashlane.com,guessed pattern (verify before sending),hr@dashlane.com,dashlane.com,https://dashlane.com/careers,
Dataiku,Europe,Paris / remote,careers@dataiku.com,guessed pattern (verify before sending),hr@dataiku.com,dataiku.com,https://dataiku.com/careers,
DeepL,Europe,Cologne / remote,careers@deepl.com,company website,"hr@deepl.com, block@deepl.com, u003eblock@deepl.com",deepl.com,https://deepl.com/careers,
deepset,Europe,Berlin / remote,careers@deepset.ai,guessed pattern (verify before sending),hr@deepset.ai,deepset.ai,https://deepset.ai/careers,
Deezer,Europe,Paris / remote,careers@deezer.com,guessed pattern (verify before sending),hr@deezer.com,deezer.com,https://deezer.com/careers,
Deliveroo,Europe,London / remote,careers@deliveroo.com,guessed pattern (verify before sending),hr@deliveroo.com,deliveroo.com,https://deliveroo.com/careers,
Doctolib,Europe,Paris / remote,careers@doctolib.com,guessed pattern (verify before sending),hr@doctolib.com,doctolib.com,https://doctolib.com/careers,
Doctrine,Europe,Paris / remote,careers@doctrine.fr,guessed pattern (verify before sending),hr@doctrine.fr,doctrine.fr,https://doctrine.fr/careers,
Doist,Europe,Europe / remote,careers@doist.com,company website,hr@doist.com,doist.com,https://doist.com/careers,
Dynatrace,Europe,Linz / remote,careers@dynatrace.com,company website,"hr@dynatrace.com, emeainfo@dynatrace.com, research@dynatrace.com, office.brno@dynatrace.com, dt-egypt-partner@dynatrace.com, pauli.karkkainen@dynatrace.com, dt-greece-partner@dynatrace.com, office.tel-aviv@dynatrace.com, gdn.office@dynatrace.com, meinfo@dynatrace.com, dt-south-africa-partner@dynatrace.com, bcn.office@dynatrace.com, dt-turkey-partner@dynatrace.com, india.contact@dynatrace.com, japan.info@dynatrace.com, korea.info@dynatrace.com",dynatrace.com,https://dynatrace.com/careers,
Ecosia,Europe,Berlin / remote,careers@ecosia.org,guessed pattern (verify before sending),hr@ecosia.org,ecosia.org,https://ecosia.org/careers,
Element,Europe,London / remote,careers@element.io,guessed pattern (verify before sending),hr@element.io,element.io,https://element.io/careers,
ElevenLabs,Europe,London / remote,careers@elevenlabs.io,guessed pattern (verify before sending),hr@elevenlabs.io,elevenlabs.io,https://elevenlabs.io/careers,
eMAG,Europe,Bucharest / remote,careers@emag.ro,guessed pattern (verify before sending),hr@emag.ro,emag.ro,https://emag.ro/careers,
Epidemic Sound,Europe,Stockholm / remote,careers@epidemicsound.com,guessed pattern (verify before sending),hr@epidemicsound.com,epidemicsound.com,https://epidemicsound.com/careers,
eToro,Europe,London / remote,careers@etoro.com,guessed pattern (verify before sending),hr@etoro.com,etoro.com,https://etoro.com/careers,
Exoscale,Europe,Lausanne / remote,careers@exoscale.com,guessed pattern (verify before sending),hr@exoscale.com,exoscale.com,https://exoscale.com/careers,
Factorial,Europe,Barcelona / remote,careers@factorialhr.com,guessed pattern (verify before sending),hr@factorialhr.com,factorialhr.com,https://factorialhr.com/careers,
Faculty,Europe,London / remote,careers@faculty.ai,company website,hr@faculty.ai,faculty.ai,https://faculty.ai/careers,
Farfetch,Europe,Porto / remote,careers@farfetch.com,guessed pattern (verify before sending),hr@farfetch.com,farfetch.com,https://farfetch.com/careers,
Featurespace,Europe,Cambridge / remote,careers@featurespace.com,guessed pattern (verify before sending),hr@featurespace.com,featurespace.com,https://featurespace.com/careers,
Feedzai,Europe,Lisbon / remote,careers@feedzai.com,guessed pattern (verify before sending),hr@feedzai.com,feedzai.com,https://feedzai.com/careers,
Fenergo,Europe,Dublin / remote,careers@fenergo.com,company website,"hr@fenergo.com, hello@fenergo.com, partners@fenergo.com",fenergo.com,https://fenergo.com/careers,
Flipdish,Europe,Dublin / remote,careers@flipdish.com,guessed pattern (verify before sending),hr@flipdish.com,flipdish.com,https://flipdish.com/careers,
Flix,Europe,Munich / remote,careers@flix.com,guessed pattern (verify before sending),hr@flix.com,flix.com,https://flix.com/careers,
FlixBus,Europe,Munich / remote,careers@flixbus.com,guessed pattern (verify before sending),hr@flixbus.com,flixbus.com,https://flixbus.com/careers,
Framer,Europe,Amsterdam / remote,careers@framer.com,company website,"hr@framer.com, abuse@framer.com",framer.com,https://framer.com/careers,
Front,Europe,Paris / remote,careers@front.com,guessed pattern (verify before sending),hr@front.com,front.com,https://front.com/careers,
GetYourGuide,Europe,Berlin / remote,careers@getyourguide.com,guessed pattern (verify before sending),hr@getyourguide.com,getyourguide.com,https://getyourguide.com/careers,
Ghost,Europe,Singapore / remote,careers@ghost.org,company website,hr@ghost.org,ghost.org,https://ghost.org/careers,
GitBook,Europe,Europe / remote,careers@gitbook.com,company website,hr@gitbook.com,gitbook.com,https://gitbook.com/careers,
Gitpod,Europe,Europe / remote,careers@gitpod.io,company website,"hr@gitpod.io, contact@gitpod.io",gitpod.io,https://gitpod.io/careers,
Glovo,Europe,Barcelona / remote,careers@glovoapp.com,guessed pattern (verify before sending),hr@glovoapp.com,glovoapp.com,https://glovoapp.com/careers,
GoCardless,Europe,London / remote,careers@gocardless.com,company website,hr@gocardless.com,gocardless.com,https://gocardless.com/careers,
Gorgias,Europe,Paris / remote,careers@gorgias.com,guessed pattern (verify before sending),hr@gorgias.com,gorgias.com,https://gorgias.com/careers,
Grafana Labs,Europe,Europe / remote,careers@grafana.com,company website,"hr@grafana.com, info@grafana.com, partners@grafana.com",grafana.com,https://grafana.com/careers,
Grammarly,Europe,Kyiv / remote,careers@grammarly.com,guessed pattern (verify before sending),hr@grammarly.com,grammarly.com,https://grammarly.com/careers,
HelloFresh,Europe,Berlin / remote,careers@hellofresh.com,guessed pattern (verify before sending),hr@hellofresh.com,hellofresh.com,https://hellofresh.com/careers,
Hellofresh,Europe,"Warszawa, Masovian Voivodeship, Poland",careers@careers.hellofresh.com,guessed pattern (verify before sending),"hr@careers.hellofresh.com, jobs@careers.hellofresh.com, talent@careers.hellofresh.com, recruiting@careers.hellofresh.com",careers.hellofresh.com,https://careers.hellofresh.com/global/en/job/8028077?gh_jid=8028077,Senior Backend Engineer - Python and/or Go
Hetzner,Europe,Germany / remote,careers@hetzner.com,company website,"hr@hetzner.com, info@hetzner.com, tco@hetzner.com, dsa-authorities@hetzner.com",hetzner.com,https://hetzner.com/careers,
HiBob,Europe,London / remote,careers@hibob.com,guessed pattern (verify before sending),hr@hibob.com,hibob.com,https://hibob.com/careers,
Hopin,Europe,London / remote,careers@hopin.com,guessed pattern (verify before sending),hr@hopin.com,hopin.com,https://hopin.com/careers,
Hotjar,Europe,Malta / remote,careers@hotjar.com,guessed pattern (verify before sending),hr@hotjar.com,hotjar.com,https://hotjar.com/careers,
ICEYE,Europe,Helsinki / remote,careers@iceye.com,guessed pattern (verify before sending),hr@iceye.com,iceye.com,https://iceye.com/careers,
Intercom,Europe,Dublin / remote,careers@intercom.com,company website,hr@intercom.com,intercom.com,https://intercom.com/careers,
JetBrains,Europe,Prague / remote,careers@jetbrains.com,guessed pattern (verify before sending),hr@jetbrains.com,jetbrains.com,https://jetbrains.com/careers,
Jobandtalent,Europe,Madrid / remote,careers@jobandtalent.com,company website,"hr@jobandtalent.com, info.de@jobandtalent.com",jobandtalent.com,https://jobandtalent.com/careers,
Just Eat Takeaway,Europe,London / Amsterdam / remote,careers@justeattakeaway.com,guessed pattern (verify before sending),hr@justeattakeaway.com,justeattakeaway.com,https://justeattakeaway.com/careers,
Kahoot,Europe,Oslo / remote,careers@kahoot.com,guessed pattern (verify before sending),hr@kahoot.com,kahoot.com,https://kahoot.com/careers,
King,Europe,Stockholm / remote,careers@king.com,company website,"hr@king.com, de.help@king.com",king.com,https://king.com/careers,
Klarna,Europe,Stockholm / remote,careers@klarna.com,guessed pattern (verify before sending),hr@klarna.com,klarna.com,https://klarna.com/careers,
Kry,Europe,Stockholm / remote,careers@kry.se,guessed pattern (verify before sending),hr@kry.se,kry.se,https://kry.se/careers,
Lago,Europe,Paris / remote,careers@getlago.com,guessed pattern (verify before sending),hr@getlago.com,getlago.com,https://getlago.com/careers,
Langfuse,Europe,Berlin / remote,careers@langfuse.com,company website,"hr@langfuse.com, contact@langfuse.com",langfuse.com,https://langfuse.com/careers,
Leapsome,Europe,Berlin / remote,careers@leapsome.com,company website,hr@leapsome.com,leapsome.com,https://leapsome.com/careers,
Ledger,Europe,Paris / remote,careers@ledger.com,guessed pattern (verify before sending),hr@ledger.com,ledger.com,https://ledger.com/careers,
Lemlist,Europe,Paris / remote,careers@lemlist.com,guessed pattern (verify before sending),hr@lemlist.com,lemlist.com,https://lemlist.com/careers,
Lunar,Europe,Copenhagen / remote,careers@lunar.app,guessed pattern (verify before sending),hr@lunar.app,lunar.app,https://lunar.app/careers,
Lydia,Europe,Paris / remote,careers@lydia-app.com,guessed pattern (verify before sending),hr@lydia-app.com,lydia-app.com,https://lydia-app.com/careers,
ManoMano,Europe,Paris / remote,careers@manomano.com,guessed pattern (verify before sending),hr@manomano.com,manomano.com,https://manomano.com/careers,
Marshmallow,Europe,London / remote,careers@marshmallow.com,guessed pattern (verify before sending),hr@marshmallow.com,marshmallow.com,https://marshmallow.com/careers,
Meilisearch,Europe,Paris / remote,careers@meilisearch.com,guessed pattern (verify before sending),hr@meilisearch.com,meilisearch.com,https://meilisearch.com/careers,
Mirakl,Europe,Paris / remote,careers@mirakl.com,guessed pattern (verify before sending),hr@mirakl.com,mirakl.com,https://mirakl.com/careers,
Mirantis,Europe,Europe,isamoylova@mirantis.com,job posting,,,https://jobicy.com/jobs/150239-pre-sales-solution-architect-ai-infrastructure-remote-in-the-eu,Pre-Sales Solution Architect – AI Infrastructure (remote in the EU)
Miro,Europe,Amsterdam / remote,careers@miro.com,guessed pattern (verify before sending),hr@miro.com,miro.com,https://miro.com/careers,
Mistral AI,Europe,Paris / remote,careers@mistral.ai,company website,"hr@mistral.ai, peter@mistral.ai",mistral.ai,https://mistral.ai/careers,
Mollie,Europe,Amsterdam / remote,careers@mollie.com,company website,"hr@mollie.com, info@mollie.com",mollie.com,https://mollie.com/careers,
Monzo,Europe,London / remote,careers@monzo.com,company website,"hr@monzo.com, u003ehelp@monzo.com",monzo.com,https://monzo.com/careers,
Mullvad,Europe,Gothenburg / remote,careers@mullvad.net,guessed pattern (verify before sending),hr@mullvad.net,mullvad.net,https://mullvad.net/careers,
N26,Europe,Berlin / remote,careers@n26.com,company website,"hr@n26.com, imprint@n26.com, officials@n26.com, nimprint@n26.com, sam.walker@n26.com, jobs@n26.com, talent@n26.com, recruiting@n26.com",n26.com,https://n26.com/en-eu/careers/positions/8020406?gh_jid=8020406,Principal AI Engineer - Conversational Banking
Nexo,Europe,Sofia / remote,careers@nexo.com,guessed pattern (verify before sending),hr@nexo.com,nexo.com,https://nexo.com/careers,
Nextcloud,Europe,Stuttgart / remote,careers@nextcloud.com,guessed pattern (verify before sending),hr@nextcloud.com,nextcloud.com,https://nextcloud.com/careers,
Nexthink,Europe,Lausanne / remote,careers@nexthink.com,company website,"hr@nexthink.com, ncontact@nexthink.com",nexthink.com,https://nexthink.com/careers,
Nord Security,Europe,Vilnius / remote,careers@nordsecurity.com,company website,"hr@nordsecurity.com, career@nordsec.com",nordsecurity.com,https://nordsecurity.com/careers,
OakNorth,Europe,London / remote,careers@oaknorth.com,guessed pattern (verify before sending),hr@oaknorth.com,oaknorth.com,https://oaknorth.com/careers,
Oda,Europe,Oslo / remote,careers@oda.com,guessed pattern (verify before sending),hr@oda.com,oda.com,https://oda.com/careers,
Onfido,Europe,London / remote,careers@onfido.com,guessed pattern (verify before sending),hr@onfido.com,onfido.com,https://onfido.com/careers,
OutSystems,Europe,Lisbon / remote,careers@outsystems.com,company website,hr@outsystems.com,outsystems.com,https://outsystems.com/careers,
OVHcloud,Europe,Roubaix / remote,careers@ovhcloud.com,guessed pattern (verify before sending),hr@ovhcloud.com,ovhcloud.com,https://ovhcloud.com/careers,
Oyster,Europe,Europe / remote,careers@oysterhr.com,guessed pattern (verify before sending),hr@oysterhr.com,oysterhr.com,https://oysterhr.com/careers,
Paddle,Europe,London / remote,careers@paddle.com,guessed pattern (verify before sending),hr@paddle.com,paddle.com,https://paddle.com/careers,
PayFit,Europe,Paris / remote,careers@payfit.com,guessed pattern (verify before sending),hr@payfit.com,payfit.com,https://payfit.com/careers,
Payhawk,Europe,London / remote,careers@payhawk.com,company website,hr@payhawk.com,payhawk.com,https://payhawk.com/careers,
pCloud,Europe,Sofia / remote,careers@pcloud.com,guessed pattern (verify before sending),hr@pcloud.com,pcloud.com,https://pcloud.com/careers,
Pennylane,Europe,Paris / remote,careers@pennylane.com,guessed pattern (verify before sending),hr@pennylane.com,pennylane.com,https://pennylane.com/careers,
Personio,Europe,Munich / remote,careers@personio.com,company website,"hr@personio.com, hello@personio.com",personio.com,https://personio.com/careers,
Phaidra,Europe,Europe,hiring@phaidra.ai,job posting,,,https://jobicy.com/jobs/149863-senior-ai-research-engineer,Senior AI Research Engineer
Photoroom,Europe,Paris / remote,careers@photoroom.com,guessed pattern (verify before sending),hr@photoroom.com,photoroom.com,https://photoroom.com/careers,
Picnic,Europe,Amsterdam / remote,careers@picnic.app,guessed pattern (verify before sending),hr@picnic.app,picnic.app,https://picnic.app/careers,
Pigment,Europe,Paris / remote,careers@pigment.com,guessed pattern (verify before sending),hr@pigment.com,pigment.com,https://pigment.com/careers,
Pipedrive,Europe,Tallinn / remote,careers@pipedrive.com,guessed pattern (verify before sending),hr@pipedrive.com,pipedrive.com,https://pipedrive.com/careers,
Plausible,Europe,Europe / remote,hello@plausible.io,known company contact,,plausible.io,https://plausible.io/careers,
Pleo,Europe,Copenhagen / remote,careers@pleo.io,company website,"hr@pleo.io, partners@pleo.io, info@pleo.io",pleo.io,https://pleo.io/careers,
PostHog,Europe,Europe / remote,careers@posthog.com,company website,hr@posthog.com,posthog.com,https://posthog.com/careers,
Preply,Europe,Kyiv / remote,careers@preply.com,guessed pattern (verify before sending),hr@preply.com,preply.com,https://preply.com/careers,
Prismic,Europe,Paris / remote,careers@prismic.io,guessed pattern (verify before sending),hr@prismic.io,prismic.io,https://prismic.io/careers,
Proton,Europe,Geneva / remote,careers@proton.me,company website,"hr@proton.me, careers@proton.ch",proton.me,https://proton.me/careers,
Qdrant,Europe,Berlin / remote,careers@qdrant.tech,guessed pattern (verify before sending),hr@qdrant.tech,qdrant.tech,https://qdrant.tech/careers,
Qonto,Europe,Paris / remote,careers@qonto.com,guessed pattern (verify before sending),hr@qonto.com,qonto.com,https://qonto.com/careers,
Qwant,Europe,Paris / remote,careers@qwant.com,guessed pattern (verify before sending),hr@qwant.com,qwant.com,https://qwant.com/careers,
Rapyd,Europe,London / remote,careers@rapyd.net,guessed pattern (verify before sending),hr@rapyd.net,rapyd.net,https://rapyd.net/careers,
RELEX,Europe,Helsinki / remote,careers@relexsolutions.com,company website,"hr@relexsolutions.com, recruitment@relexsolutions.com",relexsolutions.com,https://relexsolutions.com/careers,
Remote,Europe,Lisbon / remote,careers@remote.com,company website,"hr@remote.com, help@remote.com, hiring@remote.com",remote.com,https://remote.com/careers,
Revolut,Europe,London / remote,careers@revolut.com,guessed pattern (verify before sending),hr@revolut.com,revolut.com,https://revolut.com/careers,
SafetyWing,Europe,Europe / remote,careers@safetywing.com,company website,"hr@safetywing.com, partnerships@safetywing.com",safetywing.com,https://safetywing.com/careers,
Scaleway,Europe,Paris / remote,careers@scaleway.com,guessed pattern (verify before sending),hr@scaleway.com,scaleway.com,https://scaleway.com/careers,
Scandit,Europe,Zurich / remote,careers@scandit.com,company website,"hr@scandit.com, contact@scandit.com",scandit.com,https://scandit.com/careers,
Shift Technology,Europe,Paris / remote,careers@shift-technology.com,company website,"hr@shift-technology.com, jobs@shift-technology.com, partners@shift-technology.com",shift-technology.com,https://shift-technology.com/careers,
Shine,Europe,Paris / remote,careers@shine.fr,guessed pattern (verify before sending),hr@shine.fr,shine.fr,https://shine.fr/careers,
Shippeo,Europe,Paris / remote,careers@shippeo.com,guessed pattern (verify before sending),hr@shippeo.com,shippeo.com,https://shippeo.com/careers,
Skyscanner,Europe,Edinburgh / remote,careers@skyscanner.net,guessed pattern (verify before sending),hr@skyscanner.net,skyscanner.net,https://skyscanner.net/careers,
Smartly,Europe,Helsinki / remote,careers@smartly.io,guessed pattern (verify before sending),hr@smartly.io,smartly.io,https://smartly.io/careers,
Snowplow,Europe,London / remote,careers@snowplow.io,guessed pattern (verify before sending),hr@snowplow.io,snowplow.io,https://snowplow.io/careers,
SonarSource,Europe,Geneva / remote,careers@sonarsource.com,guessed pattern (verify before sending),hr@sonarsource.com,sonarsource.com,https://sonarsource.com/careers,
Sorare,Europe,Paris / remote,careers@sorare.com,guessed pattern (verify before sending),hr@sorare.com,sorare.com,https://sorare.com/careers,
SoundCloud,Europe,Berlin / remote,careers@soundcloud.com,company website,"hr@soundcloud.com, dsa-contact@soundcloud.com, tco-contact@soundcloud.com, u003edsa-contact@soundcloud.com, u003etco-contact@soundcloud.com, recruiters@soundcloud.com, fraudulent-emails@soundcloud.com",soundcloud.com,https://soundcloud.com/careers,
Speechmatics,Europe,Cambridge / remote,careers@speechmatics.com,guessed pattern (verify before sending),hr@speechmatics.com,speechmatics.com,https://speechmatics.com/careers,
Spendesk,Europe,Paris / remote,careers@spendesk.com,company website,hr@spendesk.com,spendesk.com,https://spendesk.com/careers,
Spotify,Europe,Stockholm / remote,careers@spotify.com,guessed pattern (verify before sending),hr@spotify.com,spotify.com,https://spotify.com/careers,
Stability AI,Europe,London / remote,careers@stability.ai,company website,"hr@stability.ai, partners@stability.ai",stability.ai,https://stability.ai/careers,
Starling Bank,Europe,London / remote,careers@starlingbank.com,company website,"hr@starlingbank.com, help@starlingbank.com, speaking.invitations@starlingbank.com, brandpartnerships@starlingbank.com, accounts@starlingbank.com",starlingbank.com,https://starlingbank.com/careers,
Storyblok,Europe,Linz / remote,careers@storyblok.com,guessed pattern (verify before sending),hr@storyblok.com,storyblok.com,https://storyblok.com/careers,
Strapi,Europe,Paris / remote,careers@strapi.io,company website,hr@strapi.io,strapi.io,https://strapi.io/careers,
SumUp,Europe,London / remote,careers@sumup.com,guessed pattern (verify before sending),hr@sumup.com,sumup.com,https://sumup.com/careers,
Supermetrics,Europe,Helsinki / remote,careers@supermetrics.com,company website,hr@supermetrics.com,supermetrics.com,https://supermetrics.com/careers,
Swan,Europe,Paris / remote,careers@swan.io,company website,"hr@swan.io, requisition@swan.io",swan.io,https://swan.io/careers,
Swile,Europe,Paris / remote,careers@swile.co,guessed pattern (verify before sending),hr@swile.co,swile.co,https://swile.co/careers,
Synthesia,Europe,London / remote,careers@synthesia.io,guessed pattern (verify before sending),hr@synthesia.io,synthesia.io,https://synthesia.io/careers,
Talkdesk,Europe,Lisbon / remote,careers@talkdesk.com,guessed pattern (verify before sending),hr@talkdesk.com,talkdesk.com,https://talkdesk.com/careers,
Tally,Europe,Europe / remote,careers@tally.so,guessed pattern (verify before sending),hr@tally.so,tally.so,https://tally.so/careers,
Teamwork,Europe,Cork / remote,careers@teamwork.com,company website,"hr@teamwork.com, jobs@teamwork.com",teamwork.com,https://teamwork.com/careers,
Thought Machine,Europe,London / remote,careers@thoughtmachine.net,company website,hr@thoughtmachine.net,thoughtmachine.net,https://thoughtmachine.net/careers,
Tide,Europe,London / remote,careers@tide.co,company website,"hr@tide.co, hello@tide.co, complaints@tide.co",tide.co,https://tide.co/careers,
Toggl,Europe,Tallinn / remote,careers@toggl.com,company website,hr@toggl.com,toggl.com,https://toggl.com/careers,
TomTom,Europe,Amsterdam / remote,careers@tomtom.com,company website,"hr@tomtom.com, productsafetyquestions@tomtom.com",tomtom.com,https://tomtom.com/careers,
Too Good To Go,Europe,Copenhagen / remote,careers@toogoodtogo.com,company website,hr@toogoodtogo.com,toogoodtogo.com,https://toogoodtogo.com/careers,
Tractable,Europe,London / remote,careers@tractable.ai,guessed pattern (verify before sending),hr@tractable.ai,tractable.ai,https://tractable.ai/careers,
Trade Republic,Europe,Berlin / remote,careers@traderepublic.com,guessed pattern (verify before sending),hr@traderepublic.com,traderepublic.com,https://traderepublic.com/careers,
Trading 212,Europe,London / remote,careers@trading212.com,guessed pattern (verify before sending),hr@trading212.com,trading212.com,https://trading212.com/careers,
Trainline,Europe,London / remote,careers@thetrainline.com,guessed pattern (verify before sending),hr@thetrainline.com,thetrainline.com,https://thetrainline.com/careers,
TransferGo,Europe,Vilnius / remote,careers@transfergo.com,guessed pattern (verify before sending),hr@transfergo.com,transfergo.com,https://transfergo.com/careers,
TravelPerk,Europe,Barcelona / remote,careers@travelperk.com,guessed pattern (verify before sending),hr@travelperk.com,travelperk.com,https://travelperk.com/careers,
Tresorit,Europe,Zurich / remote,careers@tresorit.com,guessed pattern (verify before sending),hr@tresorit.com,tresorit.com,https://tresorit.com/careers,
Trezor,Europe,Prague / remote,careers@trezor.io,guessed pattern (verify before sending),hr@trezor.io,trezor.io,https://trezor.io/careers,
Truecaller,Europe,Stockholm / remote,careers@truecaller.com,guessed pattern (verify before sending),hr@truecaller.com,truecaller.com,https://truecaller.com/careers,
Trustly,Europe,Stockholm / remote,careers@trustly.com,guessed pattern (verify before sending),hr@trustly.com,trustly.com,https://trustly.com/careers,
Trustpilot,Europe,Copenhagen / remote,careers@trustpilot.com,guessed pattern (verify before sending),hr@trustpilot.com,trustpilot.com,https://trustpilot.com/careers,
Tuta,Europe,Hannover / remote,careers@tuta.com,guessed pattern (verify before sending),hr@tuta.com,tuta.com,https://tuta.com/careers,
Typeform,Europe,Barcelona / remote,careers@typeform.com,company website,"hr@typeform.com, email@typeform.com",typeform.com,https://typeform.com/careers,
UiPath,Europe,Bucharest / remote,careers@uipath.com,guessed pattern (verify before sending),hr@uipath.com,uipath.com,https://uipath.com/careers,
Unbabel,Europe,Lisbon / remote,careers@unbabel.com,guessed pattern (verify before sending),hr@unbabel.com,unbabel.com,https://unbabel.com/careers,
UpCloud,Europe,Helsinki / remote,careers@upcloud.com,guessed pattern (verify before sending),hr@upcloud.com,upcloud.com,https://upcloud.com/careers,
Veriff,Europe,Tallinn / remote,careers@veriff.com,guessed pattern (verify before sending),hr@veriff.com,veriff.com,https://veriff.com/careers,
Visma,Europe,Oslo / remote,careers@visma.com,guessed pattern (verify before sending),hr@visma.com,visma.com,https://visma.com/careers,
Vivaldi,Europe,Oslo / remote,careers@vivaldi.com,company website,"hr@vivaldi.com, team_vivaldi@vivaldi.com",vivaldi.com,https://vivaldi.com/careers,
Voi,Europe,Stockholm / remote,careers@voi.com,guessed pattern (verify before sending),hr@voi.com,voi.com,https://voi.com/careers,
Voodoo,Europe,Paris / remote,careers@voodoo.io,guessed pattern (verify before sending),hr@voodoo.io,voodoo.io,https://voodoo.io/careers,
Wallapop,Europe,Barcelona / remote,careers@wallapop.com,guessed pattern (verify before sending),hr@wallapop.com,wallapop.com,https://wallapop.com/careers,
Weaviate,Europe,Amsterdam / remote,careers@weaviate.io,guessed pattern (verify before sending),hr@weaviate.io,weaviate.io,https://weaviate.io/careers,
Wefox,Europe,Berlin / remote,careers@wefox.com,company website,"hr@wefox.com, feedback@wefox.com",wefox.com,https://wefox.com/careers,
Welcome to the Jungle,Europe,Paris / remote,careers@welcometothejungle.com,guessed pattern (verify before sending),hr@welcometothejungle.com,welcometothejungle.com,https://welcometothejungle.com/careers,
WeTransfer,Europe,Amsterdam / remote,careers@wetransfer.com,guessed pattern (verify before sending),hr@wetransfer.com,wetransfer.com,https://wetransfer.com/careers,
Wise,Europe,London / remote,careers@wise.com,company website,"hr@wise.com, ouvidoria@wise.com, u003eouvidoria@wise.com",wise.com,https://wise.com/careers,
Wolt,Europe,Helsinki / remote,careers@wolt.com,guessed pattern (verify before sending),hr@wolt.com,wolt.com,https://wolt.com/careers,
Xeneta,Europe,Oslo / remote,careers@xeneta.com,company website,"hr@xeneta.com, info@xeneta.com, talent@xeneta.com",xeneta.com,https://xeneta.com/careers,
Zalando,Europe,Berlin / remote,careers@zalando.com,guessed pattern (verify before sending),hr@zalando.com,zalando.com,https://zalando.com/careers,
Zepz,Europe,London / remote,careers@zepz.com,guessed pattern (verify before sending),hr@zepz.com,zepz.com,https://zepz.com/careers,
Zettle,Europe,Stockholm / remote,careers@zettle.com,guessed pattern (verify before sending),hr@zettle.com,zettle.com,https://zettle.com/careers,
1Password,Remote,Worldwide remote,careers@1password.com,guessed pattern (verify before sending),hr@1password.com,1password.com,https://1password.com/careers,
6sense,Remote,USA,jobs@6sense.com,job posting,,,https://jobicy.com/jobs/147747-senior-software-engineer,Senior Software Engineer
Agora,Remote,Worldwide remote,careers@agora.io,guessed pattern (verify before sending),hr@agora.io,agora.io,https://agora.io/careers,
Airbyte,Remote,Worldwide remote,careers@airbyte.com,guessed pattern (verify before sending),hr@airbyte.com,airbyte.com,https://airbyte.com/careers,
Ajaib,Remote,Jakarta / remote,careers@ajaib.co.id,guessed pattern (verify before sending),hr@ajaib.co.id,ajaib.co.id,https://ajaib.co.id/careers,
Amplitude,Remote,Worldwide remote,careers@amplitude.com,guessed pattern (verify before sending),hr@amplitude.com,amplitude.com,https://amplitude.com/careers,
Anyscale,Remote,Worldwide remote,careers@anyscale.com,guessed pattern (verify before sending),hr@anyscale.com,anyscale.com,https://anyscale.com/careers,
Apollo.io,Remote,Worldwide remote,careers@apollo.io,company website,hr@apollo.io,apollo.io,https://apollo.io/careers,
AppSmith,Remote,Worldwide remote,careers@appsmith.com,guessed pattern (verify before sending),hr@appsmith.com,appsmith.com,https://appsmith.com/careers,
Appwrite,Remote,Worldwide remote,careers@appwrite.io,guessed pattern (verify before sending),hr@appwrite.io,appwrite.io,https://appwrite.io/careers,
Asana,Remote,Worldwide remote,careers@asana.com,guessed pattern (verify before sending),hr@asana.com,asana.com,https://asana.com/careers,
Ashby,Remote,Worldwide remote,careers@ashbyhq.com,guessed pattern (verify before sending),hr@ashbyhq.com,ashbyhq.com,https://ashbyhq.com/careers,
AssemblyAI,Remote,Worldwide remote,careers@assemblyai.com,guessed pattern (verify before sending),hr@assemblyai.com,assemblyai.com,https://assemblyai.com/careers,
Azumo,Remote,Buenos Aires,people@azumo.co,job posting,,,https://weworkremotely.com/remote-jobs/azumo-technical-leader-latin-america,Technical Leader - Latin America
BambooHR,Remote,Worldwide remote,careers@bamboohr.com,company website,hr@bamboohr.com,bamboohr.com,https://bamboohr.com/careers,
Basecamp,Remote,Worldwide remote,careers@basecamp.com,company website,"hr@basecamp.com, jason@basecamp.com",basecamp.com,https://basecamp.com/careers,
Baserow,Remote,Worldwide remote,careers@baserow.io,guessed pattern (verify before sending),hr@baserow.io,baserow.io,https://baserow.io/careers,
Beehiiv,Remote,Worldwide remote,careers@beehiiv.com,guessed pattern (verify before sending),hr@beehiiv.com,beehiiv.com,https://beehiiv.com/careers,
Bitwarden,Remote,Worldwide remote,careers@bitwarden.com,guessed pattern (verify before sending),hr@bitwarden.com,bitwarden.com,https://bitwarden.com/careers,
Braze,Remote,Worldwide remote,careers@braze.com,guessed pattern (verify before sending),hr@braze.com,braze.com,https://braze.com/careers,
BrowserStack,Remote,Worldwide remote,careers@browserstack.com,company website,hr@browserstack.com,browserstack.com,https://browserstack.com/careers,
Bubble,Remote,Worldwide remote,careers@bubble.io,guessed pattern (verify before sending),hr@bubble.io,bubble.io,https://bubble.io/careers,
Budibase,Remote,Worldwide remote,careers@budibase.com,guessed pattern (verify before sending),hr@budibase.com,budibase.com,https://budibase.com/careers,
Buffer,Remote,Worldwide remote,careers@buffer.com,guessed pattern (verify before sending),hr@buffer.com,buffer.com,https://buffer.com/careers,
Bukalapak,Remote,Jakarta / remote,careers@bukalapak.com,guessed pattern (verify before sending),hr@bukalapak.com,bukalapak.com,https://bukalapak.com/careers,
Canva,Remote,Sydney / remote,careers@canva.com,guessed pattern (verify before sending),hr@canva.com,canva.com,https://canva.com/careers,
Caylent,Remote,Canada,hr@caylent.com,job posting,talent@caylent.com,,https://jobicy.com/jobs/149035-customer-solutions-architect-amazon-connect,"Customer Solutions Architect, Amazon Connect"
Census,Remote,Worldwide remote,careers@getcensus.com,guessed pattern (verify before sending),hr@getcensus.com,getcensus.com,https://getcensus.com/careers,
Chargebee,Remote,Worldwide remote,careers@chargebee.com,company website,hr@chargebee.com,chargebee.com,https://chargebee.com/careers,
Chatwoot,Remote,Worldwide remote,careers@chatwoot.com,guessed pattern (verify before sending),hr@chatwoot.com,chatwoot.com,https://chatwoot.com/careers,
Chronosphere,Remote,Worldwide remote,careers@chronosphere.io,guessed pattern (verify before sending),hr@chronosphere.io,chronosphere.io,https://chronosphere.io/careers,
Clay,Remote,Worldwide remote,careers@clay.com,company website,hr@clay.com,clay.com,https://clay.com/careers,
Clerk,Remote,Worldwide remote,careers@clerk.com,company website,hr@clerk.com,clerk.com,https://clerk.com/careers,
CleverTap,Remote,Worldwide remote,careers@clevertap.com,guessed pattern (verify before sending),hr@clevertap.com,clevertap.com,https://clevertap.com/careers,
ClickUp,Remote,Worldwide remote,careers@clickup.com,guessed pattern (verify before sending),hr@clickup.com,clickup.com,https://clickup.com/careers,
Close,Remote,Worldwide remote,careers@close.com,guessed pattern (verify before sending),hr@close.com,close.com,https://close.com/careers,
Cloudinary,Remote,Worldwide remote,careers@cloudinary.com,guessed pattern (verify before sending),hr@cloudinary.com,cloudinary.com,https://cloudinary.com/careers,
Coda,Remote,Worldwide remote,careers@coda.io,guessed pattern (verify before sending),hr@coda.io,coda.io,https://coda.io/careers,
Codecov,Remote,Worldwide remote,careers@codecov.io,guessed pattern (verify before sending),hr@codecov.io,codecov.io,https://codecov.io/careers,
Column,Remote,Worldwide remote,careers@column.com,guessed pattern (verify before sending),hr@column.com,column.com,https://column.com/careers,
Comet ML,Remote,Worldwide remote,careers@comet.com,guessed pattern (verify before sending),hr@comet.com,comet.com,https://comet.com/careers,
ConvertKit,Remote,Worldwide remote,careers@convertkit.com,guessed pattern (verify before sending),hr@convertkit.com,convertkit.com,https://convertkit.com/careers,
Coursera,Remote,USA,recruiting@coursera.org,job posting,,,https://jobicy.com/jobs/147697-senior-seo-manager-2,Senior SEO Manager
CRED,Remote,India / remote,careers@cred.club,guessed pattern (verify before sending),hr@cred.club,cred.club,https://cred.club/careers,
Cresta,Remote,Canada,recruiting@cresta.ai,job posting,,,https://jobicy.com/jobs/146081-senior-software-engineer-backend-platform-team,"Senior Software Engineer, Backend - Platform Team"
Crisp,Remote,Worldwide remote,careers@crisp.chat,guessed pattern (verify before sending),hr@crisp.chat,crisp.chat,https://crisp.chat/careers,
Customer.io,Remote,Worldwide remote,careers@customer.io,guessed pattern (verify before sending),"hr@customer.io, jobs@customer.io",customer.io,https://jobicy.com/jobs/144856-senior-data-scientist-4,Senior Data Scientist
Datadog,Remote,Worldwide remote,careers@datadoghq.com,guessed pattern (verify before sending),hr@datadoghq.com,datadoghq.com,https://datadoghq.com/careers,
dbt Labs,Remote,Worldwide remote,careers@getdbt.com,guessed pattern (verify before sending),hr@getdbt.com,getdbt.com,https://getdbt.com/careers,
Deel,Remote,Worldwide remote,careers@deel.com,guessed pattern (verify before sending),hr@deel.com,deel.com,https://deel.com/careers,
Deepgram,Remote,APAC,careers@deepgram.com,job posting,,,https://jobicy.com/jobs/150352-senior-pre-sales-engineer-singapore,Senior Pre-Sales Engineer (Singapore)
DigitalOcean,Remote,Worldwide remote,careers@digitalocean.com,guessed pattern (verify before sending),hr@digitalocean.com,digitalocean.com,https://digitalocean.com/careers,
Directus,Remote,Worldwide remote,careers@directus.io,guessed pattern (verify before sending),hr@directus.io,directus.io,https://directus.io/careers,
Dream11,Remote,India / remote,careers@dream11.com,guessed pattern (verify before sending),hr@dream11.com,dream11.com,https://dream11.com/careers,
Druva,Remote,India / remote,careers@druva.com,guessed pattern (verify before sending),hr@druva.com,druva.com,https://druva.com/careers,
Dub.co,Remote,Worldwide remote,careers@dub.co,guessed pattern (verify before sending),hr@dub.co,dub.co,https://dub.co/careers,
Excalidraw,Remote,Worldwide remote,careers@excalidraw.com,guessed pattern (verify before sending),hr@excalidraw.com,excalidraw.com,https://excalidraw.com/careers,
Fastly,Remote,Worldwide remote,careers@fastly.com,guessed pattern (verify before sending),hr@fastly.com,fastly.com,https://fastly.com/careers,
Figma,Remote,Worldwide remote,careers@figma.com,guessed pattern (verify before sending),hr@figma.com,figma.com,https://figma.com/careers,
FireHydrant,Remote,Worldwide remote,careers@firehydrant.com,guessed pattern (verify before sending),hr@firehydrant.com,firehydrant.com,https://firehydrant.com/careers,
Fireworks AI,Remote,Worldwide remote,careers@fireworks.ai,guessed pattern (verify before sending),hr@fireworks.ai,fireworks.ai,https://fireworks.ai/careers,
Fivetran,Remote,Worldwide remote,careers@fivetran.com,guessed pattern (verify before sending),hr@fivetran.com,fivetran.com,https://fivetran.com/careers,
Fly.io,Remote,Worldwide remote,careers@fly.io,company website,hr@fly.io,fly.io,https://fly.io/careers,
Formbricks,Remote,Worldwide remote,careers@formbricks.com,guessed pattern (verify before sending),hr@formbricks.com,formbricks.com,https://formbricks.com/careers,
Freshworks,Remote,Worldwide remote,careers@freshworks.com,company website,hr@freshworks.com,freshworks.com,https://freshworks.com/careers,
FullStory,Remote,Worldwide remote,careers@fullstory.com,guessed pattern (verify before sending),hr@fullstory.com,fullstory.com,https://fullstory.com/careers,
Gitea,Remote,Worldwide remote,careers@gitea.com,guessed pattern (verify before sending),hr@gitea.com,gitea.com,https://gitea.com/careers,
Glide,Remote,Worldwide remote,careers@glideapps.com,guessed pattern (verify before sending),hr@glideapps.com,glideapps.com,https://glideapps.com/careers,
GoTo,Remote,Jakarta / remote,careers@gotocompany.com,guessed pattern (verify before sending),hr@gotocompany.com,gotocompany.com,https://gotocompany.com/careers,
Groww,Remote,India / remote,careers@groww.in,guessed pattern (verify before sending),hr@groww.in,groww.in,https://groww.in/careers,
HashiCorp,Remote,Worldwide remote,careers@hashicorp.com,guessed pattern (verify before sending),hr@hashicorp.com,hashicorp.com,https://hashicorp.com/careers,
Hasura,Remote,Worldwide remote,careers@hasura.io,guessed pattern (verify before sending),hr@hasura.io,hasura.io,https://hasura.io/careers,
Heap,Remote,Worldwide remote,careers@heap.io,guessed pattern (verify before sending),hr@heap.io,heap.io,https://heap.io/careers,
Height,Remote,Worldwide remote,careers@height.app,guessed pattern (verify before sending),hr@height.app,height.app,https://height.app/careers,
Help Scout,Remote,Worldwide remote,careers@helpscout.com,guessed pattern (verify before sending),hr@helpscout.com,helpscout.com,https://helpscout.com/careers,
Hex,Remote,Worldwide remote,careers@hex.tech,guessed pattern (verify before sending),hr@hex.tech,hex.tech,https://hex.tech/careers,
Hightouch,Remote,Worldwide remote,careers@hightouch.com,guessed pattern (verify before sending),hr@hightouch.com,hightouch.com,https://hightouch.com/careers,
Honeycomb,Remote,Worldwide remote,careers@honeycomb.io,guessed pattern (verify before sending),hr@honeycomb.io,honeycomb.io,https://honeycomb.io/careers,
Icertis,Remote,India / remote,careers@icertis.com,guessed pattern (verify before sending),hr@icertis.com,icertis.com,https://icertis.com/careers,
Imgix,Remote,Worldwide remote,careers@imgix.com,guessed pattern (verify before sending),hr@imgix.com,imgix.com,https://imgix.com/careers,
incident.io,Remote,Worldwide remote,careers@incident.io,guessed pattern (verify before sending),hr@incident.io,incident.io,https://incident.io/careers,
Increase,Remote,Worldwide remote,careers@increase.com,guessed pattern (verify before sending),hr@increase.com,increase.com,https://increase.com/careers,
Inngest,Remote,Worldwide remote,careers@inngest.com,guessed pattern (verify before sending),hr@inngest.com,inngest.com,https://inngest.com/careers,
Klook,Remote,Hong Kong / remote,careers@klook.com,guessed pattern (verify before sending),hr@klook.com,klook.com,https://klook.com/careers,
Labelbox,Remote,Worldwide remote,careers@labelbox.com,guessed pattern (verify before sending),hr@labelbox.com,labelbox.com,https://labelbox.com/careers,
Lalamove,Remote,Hong Kong / remote,careers@lalamove.com,guessed pattern (verify before sending),hr@lalamove.com,lalamove.com,https://lalamove.com/careers,
Linear,Remote,Worldwide remote,careers@linear.app,company website,hr@linear.app,linear.app,https://linear.app/careers,
Linode,Remote,Worldwide remote,careers@linode.com,guessed pattern (verify before sending),hr@linode.com,linode.com,https://linode.com/careers,
Liveblocks,Remote,Worldwide remote,careers@liveblocks.io,guessed pattern (verify before sending),hr@liveblocks.io,liveblocks.io,https://liveblocks.io/careers,
LiveKit,Remote,Worldwide remote,careers@livekit.io,guessed pattern (verify before sending),hr@livekit.io,livekit.io,https://livekit.io/careers,
Loops,Remote,Worldwide remote,careers@loops.so,guessed pattern (verify before sending),hr@loops.so,loops.so,https://loops.so/careers,
Lovable,Remote,Worldwide remote,careers@lovable.dev,guessed pattern (verify before sending),hr@lovable.dev,lovable.dev,https://lovable.dev/careers,
Mailgun,Remote,Worldwide remote,careers@mailgun.com,guessed pattern (verify before sending),hr@mailgun.com,mailgun.com,https://mailgun.com/careers,
Marqeta,Remote,Worldwide remote,careers@marqeta.com,guessed pattern (verify before sending),hr@marqeta.com,marqeta.com,https://marqeta.com/careers,
Meesho,Remote,India / remote,careers@meesho.com,guessed pattern (verify before sending),hr@meesho.com,meesho.com,https://meesho.com/careers,
Metabase,Remote,Worldwide remote,careers@metabase.com,guessed pattern (verify before sending),hr@metabase.com,metabase.com,https://metabase.com/careers,
Metronome,Remote,Worldwide remote,careers@metronome.com,guessed pattern (verify before sending),hr@metronome.com,metronome.com,https://metronome.com/careers,
Midtrans,Remote,Jakarta / remote,careers@midtrans.com,guessed pattern (verify before sending),hr@midtrans.com,midtrans.com,https://midtrans.com/careers,
Mitre Media,Remote,"USA, Canada, USA timezones",jobs@mitremedia.com,job posting,,,https://remotive.com/remote-jobs/software-development/tech-lead-full-stack-rails-engineer-2069746,Tech Lead Full-Stack Rails Engineer
Mixpanel,Remote,Worldwide remote,careers@mixpanel.com,guessed pattern (verify before sending),hr@mixpanel.com,mixpanel.com,https://mixpanel.com/careers,
Modal,Remote,Worldwide remote,careers@modal.com,guessed pattern (verify before sending),hr@modal.com,modal.com,https://modal.com/careers,
Mode Analytics,Remote,Worldwide remote,careers@mode.com,guessed pattern (verify before sending),hr@mode.com,mode.com,https://mode.com/careers,
Modern Treasury,Remote,Worldwide remote,careers@moderntreasury.com,guessed pattern (verify before sending),hr@moderntreasury.com,moderntreasury.com,https://moderntreasury.com/careers,
MoEngage,Remote,Worldwide remote,careers@moengage.com,guessed pattern (verify before sending),hr@moengage.com,moengage.com,https://moengage.com/careers,
Mux,Remote,Worldwide remote,careers@mux.com,guessed pattern (verify before sending),hr@mux.com,mux.com,https://mux.com/careers,
Neon,Remote,Worldwide remote,careers@neon.tech,guessed pattern (verify before sending),hr@neon.tech,neon.tech,https://neon.tech/careers,
Netlify,Remote,Worldwide remote,careers@netlify.com,guessed pattern (verify before sending),hr@netlify.com,netlify.com,https://netlify.com/careers,
New Relic,Remote,Worldwide remote,careers@newrelic.com,guessed pattern (verify before sending),hr@newrelic.com,newrelic.com,https://newrelic.com/careers,
NocoDB,Remote,Worldwide remote,careers@nocodb.com,guessed pattern (verify before sending),hr@nocodb.com,nocodb.com,https://nocodb.com/careers,
Notion,Remote,Worldwide remote,careers@notion.so,guessed pattern (verify before sending),hr@notion.so,notion.so,https://notion.so/careers,
Novu,Remote,Worldwide remote,careers@novu.co,guessed pattern (verify before sending),hr@novu.co,novu.co,https://novu.co/careers,
Nubank,Remote,Sao Paulo / remote,careers@nubank.com.br,guessed pattern (verify before sending),hr@nubank.com.br,nubank.com.br,https://nubank.com.br/careers,
Observable,Remote,Worldwide remote,careers@observablehq.com,guessed pattern (verify before sending),hr@observablehq.com,observablehq.com,https://observablehq.com/careers,
OneSignal,Remote,Worldwide remote,careers@onesignal.com,guessed pattern (verify before sending),hr@onesignal.com,onesignal.com,https://onesignal.com/careers,
OpenStatus,Remote,Worldwide remote,careers@openstatus.dev,guessed pattern (verify before sending),hr@openstatus.dev,openstatus.dev,https://openstatus.dev/careers,
Orb,Remote,Worldwide remote,careers@withorb.com,guessed pattern (verify before sending),hr@withorb.com,withorb.com,https://withorb.com/careers,
Outline,Remote,Worldwide remote,careers@getoutline.com,guessed pattern (verify before sending),hr@getoutline.com,getoutline.com,https://getoutline.com/careers,
PagerDuty,Remote,Worldwide remote,careers@pagerduty.com,guessed pattern (verify before sending),hr@pagerduty.com,pagerduty.com,https://pagerduty.com/careers,
Pair Team,Remote,USA,recruiting@pairteam.com,job posting,,,https://jobicy.com/jobs/146199-senior-security-engineer,Senior Security Engineer
Persistent,Remote,India / remote,careers@persistent.com,guessed pattern (verify before sending),hr@persistent.com,persistent.com,https://persistent.com/careers,
PhonePe,Remote,India / remote,careers@phonepe.com,guessed pattern (verify before sending),hr@phonepe.com,phonepe.com,https://phonepe.com/careers,
Plaid,Remote,Worldwide remote,careers@plaid.com,guessed pattern (verify before sending),hr@plaid.com,plaid.com,https://plaid.com/careers,
Plain.com,Remote,Worldwide remote,careers@plain.com,guessed pattern (verify before sending),hr@plain.com,plain.com,https://plain.com/careers,
Plane,Remote,Worldwide remote,careers@plane.so,guessed pattern (verify before sending),hr@plane.so,plane.so,https://plane.so/careers,
PlanetScale,Remote,Worldwide remote,careers@planetscale.com,guessed pattern (verify before sending),hr@planetscale.com,planetscale.com,https://planetscale.com/careers,
PointClickCare,Remote,Canada,recruitment@pointclickcare.com,job posting,,,https://jobicy.com/jobs/149241-canada-sr-application-engineer-salesforce-agentforce-ai,Canada- Sr Application Engineer (Salesforce-Agentforce Ai)
Postman,Remote,Worldwide remote,careers@postman.com,company website,"hr@postman.com, info@postman.com, info-jp@postman.com, u003einfo@postman.com, u003einfo-jp@postman.com",postman.com,https://postman.com/careers,
Postmark,Remote,Worldwide remote,careers@postmarkapp.com,guessed pattern (verify before sending),hr@postmarkapp.com,postmarkapp.com,https://postmarkapp.com/careers,
Preset,Remote,Worldwide remote,careers@preset.io,guessed pattern (verify before sending),hr@preset.io,preset.io,https://preset.io/careers,
Railway,Remote,Worldwide remote,careers@railway.app,guessed pattern (verify before sending),hr@railway.app,railway.app,https://railway.app/careers,
Raycast,Remote,Worldwide remote,careers@raycast.com,guessed pattern (verify before sending),hr@raycast.com,raycast.com,https://raycast.com/careers,
Razorpay,Remote,Worldwide remote,careers@razorpay.com,guessed pattern (verify before sending),hr@razorpay.com,razorpay.com,https://razorpay.com/careers,
Render,Remote,Worldwide remote,careers@render.com,company website,hr@render.com,render.com,https://render.com/careers,
Replicate,Remote,Worldwide remote,careers@replicate.com,guessed pattern (verify before sending),hr@replicate.com,replicate.com,https://replicate.com/careers,
Resend,Remote,Worldwide remote,careers@resend.com,company website,"hr@resend.com, security@resend.com",resend.com,https://resend.com/careers,
Retool,Remote,Worldwide remote,careers@retool.com,guessed pattern (verify before sending),hr@retool.com,retool.com,https://retool.com/careers,
Rippling,Remote,Worldwide remote,careers@rippling.com,company website,"hr@rippling.com, globalnotices@rippling.com",rippling.com,https://rippling.com/careers,
Rootly,Remote,Worldwide remote,careers@rootly.com,guessed pattern (verify before sending),hr@rootly.com,rootly.com,https://rootly.com/careers,
RudderStack,Remote,Worldwide remote,careers@rudderstack.com,guessed pattern (verify before sending),hr@rudderstack.com,rudderstack.com,https://rudderstack.com/careers,
RunPod,Remote,Worldwide remote,careers@runpod.io,guessed pattern (verify before sending),hr@runpod.io,runpod.io,https://runpod.io/careers,
Segment,Remote,Worldwide remote,careers@segment.com,guessed pattern (verify before sending),hr@segment.com,segment.com,https://segment.com/careers,
Sentry,Remote,Worldwide remote,careers@sentry.io,guessed pattern (verify before sending),hr@sentry.io,sentry.io,https://sentry.io/careers,
ShareChat,Remote,India / remote,careers@sharechat.com,guessed pattern (verify before sending),hr@sharechat.com,sharechat.com,https://sharechat.com/careers,
Shortcut,Remote,Worldwide remote,careers@shortcut.com,guessed pattern (verify before sending),hr@shortcut.com,shortcut.com,https://shortcut.com/careers,
Snorkel AI,Remote,Worldwide remote,careers@snorkel.ai,guessed pattern (verify before sending),hr@snorkel.ai,snorkel.ai,https://snorkel.ai/careers,
Softr,Remote,Worldwide remote,careers@softr.io,guessed pattern (verify before sending),hr@softr.io,softr.io,https://softr.io/careers,
Sourcegraph,Remote,Worldwide remote,careers@sourcegraph.com,guessed pattern (verify before sending),hr@sourcegraph.com,sourcegraph.com,https://sourcegraph.com/careers,
Split.io,Remote,Worldwide remote,careers@split.io,guessed pattern (verify before sending),hr@split.io,split.io,https://split.io/careers,
Standard Notes,Remote,Worldwide remote,careers@standardnotes.com,guessed pattern (verify before sending),hr@standardnotes.com,standardnotes.com,https://standardnotes.com/careers,
Stockbit,Remote,Jakarta / remote,careers@stockbit.com,guessed pattern (verify before sending),hr@stockbit.com,stockbit.com,https://stockbit.com/careers,
Substack,Remote,Worldwide remote,careers@substack.com,guessed pattern (verify before sending),hr@substack.com,substack.com,https://substack.com/careers,
Supabase,Remote,Worldwide remote,careers@supabase.com,company website,"hr@supabase.com, abuse@supabase.com, security@supabase.com, help-events@supabase.com",supabase.com,https://supabase.com/careers,
Swiggy,Remote,India / remote,careers@swiggy.com,guessed pattern (verify before sending),hr@swiggy.com,swiggy.com,https://swiggy.com/careers,
Tailscale,Remote,Worldwide remote,careers@tailscale.com,guessed pattern (verify before sending),hr@tailscale.com,tailscale.com,https://tailscale.com/careers,
Tinybird,Remote,Worldwide remote,careers@tinybird.co,guessed pattern (verify before sending),hr@tinybird.co,tinybird.co,https://tinybird.co/careers,
Tiptap,Remote,Worldwide remote,careers@tiptap.dev,guessed pattern (verify before sending),hr@tiptap.dev,tiptap.dev,https://tiptap.dev/careers,
tldraw,Remote,Worldwide remote,careers@tldraw.com,guessed pattern (verify before sending),hr@tldraw.com,tldraw.com,https://tldraw.com/careers,
Together AI,Remote,Worldwide remote,careers@together.ai,guessed pattern (verify before sending),hr@together.ai,together.ai,https://together.ai/careers,
Tokopedia,Remote,Jakarta / remote,careers@tokopedia.com,guessed pattern (verify before sending),hr@tokopedia.com,tokopedia.com,https://tokopedia.com/careers,
Tooljet,Remote,Worldwide remote,careers@tooljet.com,guessed pattern (verify before sending),hr@tooljet.com,tooljet.com,https://tooljet.com/careers,
Traveloka,Remote,Jakarta / remote,careers@traveloka.com,guessed pattern (verify before sending),hr@traveloka.com,traveloka.com,https://traveloka.com/careers,
Trigger.dev,Remote,Worldwide remote,careers@trigger.dev,guessed pattern (verify before sending),hr@trigger.dev,trigger.dev,https://trigger.dev/careers,
Twenty,Remote,Worldwide remote,careers@twenty.com,guessed pattern (verify before sending),hr@twenty.com,twenty.com,https://twenty.com/careers,
Twilio,Remote,Worldwide remote,careers@twilio.com,guessed pattern (verify before sending),hr@twilio.com,twilio.com,https://twilio.com/careers,
Unit Finance,Remote,Worldwide remote,careers@unit.co,guessed pattern (verify before sending),hr@unit.co,unit.co,https://unit.co/careers,
Vultr,Remote,Worldwide remote,careers@vultr.com,guessed pattern (verify before sending),hr@vultr.com,vultr.com,https://vultr.com/careers,
Webflow,Remote,Worldwide remote,careers@webflow.com,guessed pattern (verify before sending),hr@webflow.com,webflow.com,https://webflow.com/careers,
Weights & Biases,Remote,Worldwide remote,careers@wandb.ai,guessed pattern (verify before sending),hr@wandb.ai,wandb.ai,https://wandb.ai/careers,
Whimsical,Remote,Worldwide remote,careers@whimsical.com,guessed pattern (verify before sending),hr@whimsical.com,whimsical.com,https://whimsical.com/careers,
WorkOS,Remote,Worldwide remote,careers@workos.com,company website,"hr@workos.com, hello@workos.com",workos.com,https://workos.com/careers,
Xendit,Remote,Jakarta / Singapore / remote,careers@xendit.co,guessed pattern (verify before sending),hr@xendit.co,xendit.co,https://xendit.co/careers,
Zapier,Remote,Worldwide remote,careers@zapier.com,guessed pattern (verify before sending),hr@zapier.com,zapier.com,https://zapier.com/careers,
Zerodha,Remote,India / remote,careers@zerodha.com,guessed pattern (verify before sending),hr@zerodha.com,zerodha.com,https://zerodha.com/careers,
Zoho,Remote,Worldwide remote,careers@zoho.com,guessed pattern (verify before sending),hr@zoho.com,zoho.com,https://zoho.com/careers,
Zomato,Remote,India / remote,careers@zomato.com,guessed pattern (verify before sending),hr@zomato.com,zomato.com,https://zomato.com/careers,
